area_id,area_type,municipality,block,treatment,registered,turnout,hollande_share
M_77208,Municipality,Gouaix,2914,1,990,0.7747474908828735,0.25333333015441895
M_91156,Municipality,Cheptainville,3324,0,1243,0.8390989303588867,0.26320940256118774
P_94068_31,Precinct,Saint-Maur-des-Fossés,3498,1,987,0.8105369806289673,0.28589579463005066
P_91421_4,Precinct,Montgeron,3363,0,979,0.785495400428772,0.2836218476295471
P_94033_22,Precinct,Fontenay-sous-Bois,3481,1,941,0.776833176612854,0.343137264251709
P_92072_3,Precinct,Sèvres,3419,1,878,0.7585421204566956,0.34150075912475586
P_95500_13,Precinct,Pontoise,3545,1,661,0.6369137763977051,0.5427873134613037
M_77052,Municipality,Bréau,2900,1,273,0.8388278484344482,0.2466367781162262
P_95637_9,Precinct,Vauréal,3555,0,957,0.7345872521400452,0.49189984798431396
P_92044_21,Precinct,Levallois-Perret,3407,1,846,0.8215129971504211,0.2445095181465149
P_91272_1,Precinct,Gif-sur-Yvette,3347,1,1012,0.8280632495880127,0.327690452337265
P_91326_7,Precinct,Juvisy-sur-Orge,3349,1,952,0.7720588445663452,0.34301522374153137
P_77288_11,Precinct,Melun,2895,1,1133,0.6734333634376526,0.46404340863227844
P_91182_4,Precinct,Courcouronnes,3337,1,772,0.7551813721656799,0.3618881106376648
P_78361_19,Precinct,Mantes-la-Jolie,2963,1,1228,0.6294788122177124,0.6649076342582703
P_94017_33,Precinct,Champigny-sur-Marne,3474,1,1320,0.6818181872367859,0.509132444858551
P_94079_7,Precinct,Villiers-sur-Marne,3508,1,974,0.7186858057975769,0.47144949436187744
P_94074_3,Precinct,Valenton,3503,1,795,0.7559748291969299,0.4628378450870514
P_94042_11,Precinct,Joinville-le-Pont,3486,1,1086,0.7615101337432861,0.3075030744075775
P_91589_1,Precinct,Savigny-sur-Orge,3377,0,1439,0.788742184638977,0.30582958459854126
P_78015_2,Precinct,Andrésy,2933,1,950,0.7831578850746155,0.26158037781715393
P_92075_6,Precinct,Vanves,3420,1,991,0.8203834295272827,0.38833746314048767
P_91027_13,Precinct,Athis-Mons,3325,0,985,0.7258883118629456,0.5439093708992004
P_95598_10,Precinct,Soisy-sous-Montmorency,3552,1,739,0.7077131271362305,0.5118576884269714
P_94028_36,Precinct,Créteil,3480,1,1160,0.690517246723175,0.4942084848880768
P_91272_12,Precinct,Gif-sur-Yvette,3347,0,942,0.7845010757446289,0.31062671542167664
P_94073_6,Precinct,Thiais,3501,1,1040,0.8144230842590332,0.3050847351551056
P_75103_304,Precinct,"Paris, 3e arrondissement",2778,1,1395,0.8057347536087036,0.4102795422077179
P_75107_704,Precinct,"Paris, 7e arrondissement",2782,1,1251,0.7649880051612854,0.19238901138305664
P_94073_8,Precinct,Thiais,3501,1,1235,0.7514169812202454,0.37541529536247253
P_92071_2,Precinct,Sceaux,3417,1,1056,0.7992424368858337,0.32377538084983826
P_92025_20,Precinct,Colombes,3398,1,1164,0.7345361113548279,0.45618247985839844
P_77514_9,Precinct,Villeparisis,2929,1,1305,0.7164750695228577,0.33945944905281067
P_78126_12,Precinct,La Celle-Saint-Cloud,2953,0,624,0.7596153616905212,0.30620986223220825
P_95476_5,Precinct,Osny,3543,0,1148,0.7621951103210449,0.2830626368522644
P_94068_25,Precinct,Saint-Maur-des-Fossés,3498,0,1028,0.7869649529457092,0.3350062668323517
P_78358_7,Precinct,Maisons-Laffitte,2962,1,866,0.7621247172355652,0.3004622459411621
M_95028,Municipality,Attainville,3517,1,1217,0.772391140460968,0.2775377929210663
P_75110_1034,Precinct,"Paris, 10e arrondissement",2756,1,1433,0.8025122284889221,0.4372791647911072
P_91122_7,Precinct,Bures-sur-Yvette,3334,0,573,0.8150086998939514,0.28354978561401367
P_91589_16,Precinct,Savigny-sur-Orge,3377,1,1574,0.7566708922386169,0.3955857455730438
P_95203_1,Precinct,Eaubonne,3523,1,1313,0.7494288086891174,0.28102564811706543
P_92025_25,Precinct,Colombes,3398,0,1160,0.7301723957061768,0.44525548815727234
P_78015_6,Precinct,Andrésy,2933,0,837,0.7777777910232544,0.3348909616470337
P_95637_7,Precinct,Vauréal,3555,1,1213,0.7394888997077942,0.39724454283714294
P_77315_2,Precinct,Montry,2880,1,961,0.8002080917358398,0.2539682686328888
P_78490_6,Precinct,Plaisir,2976,1,822,0.7810218930244446,0.3777777850627899
P_93053_16,Precinct,Noisy-le-Sec,3451,1,642,0.6978192925453186,0.475862056016922
P_95487_1,Precinct,Persan,3532,1,1003,0.7916251420974731,0.3375959098339081
P_78361_20,Precinct,Mantes-la-Jolie,2963,0,627,0.6331738233566284,0.6408268809318542
P_78486_3,Precinct,Le Perray-en-Yvelines,2957,1,968,0.8181818127632141,0.23815621435642242
P_78297_6,Precinct,Guyancourt,2949,1,1741,0.7593337297439575,0.4226006269454956
P_94080_23,Precinct,Vincennes,3509,1,905,0.7867403030395508,0.3865905702114105
P_78123_3,Precinct,Carrières-sous-Poissy,2939,1,929,0.7287405729293823,0.33383458852767944
P_92014_5,Precinct,Bourg-la-Reine,3391,1,1030,0.7524271607398987,0.42084431648254395
P_78358_1,Precinct,Maisons-Laffitte,2962,0,1115,0.7479820847511292,0.2192448228597641
P_95018_31,Precinct,Argenteuil,3513,1,1131,0.7064544558525085,0.49618321657180786
P_94028_47,Precinct,Créteil,3479,1,698,0.7134670615196228,0.4237995743751526
P_92062_5,Precinct,Puteaux,3414,1,1101,0.8128973841667175,0.2813211977481842
P_92002_38,Precinct,Antony,3387,1,880,0.8465909361839294,0.2714870274066925
P_94021_6,Precinct,Chevilly-Larue,3477,1,1016,0.7952755689620972,0.4138364791870117
P_92048_20,Precinct,Meudon,3409,1,953,0.7313746213912964,0.35483869910240173
P_92048_22,Precinct,Meudon,3409,0,820,0.7609755992889404,0.36138615012168884
P_92072_8,Precinct,Sèvres,3419,1,935,0.8042780756950378,0.3479452133178711
P_92023_24,Precinct,Clamart,3395,1,795,0.7710691690444946,0.46452704071998596
P_75105_525,Precinct,"Paris, 5e arrondissement",2780,1,1499,0.8152101635932922,0.374896764755249
P_95203_14,Precinct,Eaubonne,3523,1,798,0.7644110321998596,0.3182579576969147
P_77305_8,Precinct,Montereau-Fault-Yonne,2898,1,791,0.7838179469108582,0.4834437072277069
P_95500_14,Precinct,Pontoise,3545,1,553,0.6383363604545593,0.4205882251262665
P_77079_2,Precinct,Champagne-sur-Seine,2866,1,818,0.7970660328865051,0.26059654355049133
M_77261,Municipality,Lorrez-le-Bocage-Préaux,2892,1,900,0.7988888621330261,0.20596590638160706
P_78015_5,Precinct,Andrésy,2933,1,796,0.7525125741958618,0.3022071421146393
P_93053_17,Precinct,Noisy-le-Sec,3451,1,937,0.6520811319351196,0.5604026913642883
P_94028_15,Precinct,Créteil,3479,1,839,0.711561381816864,0.4501718282699585
P_93048_43,Precinct,Montreuil,3446,0,1083,0.6842105388641357,0.41850829124450684
P_95018_33,Precinct,Argenteuil,3513,1,1262,0.7163233160972595,0.536889910697937
P_92040_39,Precinct,Issy-les-Moulineaux,3404,1,789,0.7465145587921143,0.33447685837745667
P_92032_9,Precinct,Fontenay-aux-Roses,3401,1,938,0.7388059496879578,0.49037036299705505
P_77373_19,Precinct,Pontault-Combault,2907,1,810,0.7185184955596924,0.3649122714996338
P_94068_22,Precinct,Saint-Maur-des-Fossés,3498,1,1141,0.8010517358779907,0.2901785671710968
P_92002_39,Precinct,Antony,3387,1,844,0.7085307836532593,0.5524957180023193
P_92019_5,Precinct,Châtenay-Malabry,3393,1,1061,0.8228086829185486,0.3352735638618469
P_94028_21,Precinct,Créteil,3480,1,816,0.7426470518112183,0.4343434274196625
P_95555_11,Precinct,Saint-Gratien,3547,1,1225,0.7297959327697754,0.3215909004211426
P_94058_4,Precinct,Le Perreux-sur-Marne,3490,1,1099,0.7734304070472717,0.25570228695869446
P_93031_14,Precinct,Epinay-sur-Seine,3434,1,883,0.6874291896820068,0.49069374799728394
P_95018_28,Precinct,Argenteuil,3513,1,1054,0.714421272277832,0.5290933847427368
P_94077_2,Precinct,Villeneuve-le-Roi,3507,1,772,0.7681347131729126,0.2898799180984497
P_78029_7,Precinct,Aubergenville,2934,1,856,0.7803738117218018,0.27633586525917053
P_95018_30,Precinct,Argenteuil,3513,1,940,0.7010638117790222,0.5164319276809692
P_91377_10,Precinct,Massy,3361,1,1139,0.8059701323509216,0.35105204582214355
P_77305_9,Precinct,Montereau-Fault-Yonne,2898,0,806,0.6377171277999878,0.5697211027145386
P_92049_22,Precinct,Montrouge,3410,1,978,0.7903885245323181,0.4200792610645294
P_95199_3,Precinct,Domont,3522,0,776,0.7615979313850403,0.24872231483459473
P_75110_1024,Precinct,"Paris, 10e arrondissement",2757,1,1559,0.8114175796508789,0.42252397537231445
P_78517_12,Precinct,Rambouillet,2978,1,873,0.7514318227767944,0.32710281014442444
P_93048_24,Precinct,Montreuil,3446,1,1077,0.6991643309593201,0.4021592438220978
P_95555_8,Precinct,Saint-Gratien,3547,1,1003,0.7308076024055481,0.33426183462142944
P_78486_1,Precinct,Le Perray-en-Yvelines,2957,1,996,0.7791164517402649,0.2963446378707886
P_92075_19,Precinct,Vanves,3420,0,834,0.8045563697814941,0.3453997075557709
P_91114_13,Precinct,Brunoy,3332,1,965,0.7730569839477539,0.25135868787765503
P_75106_601,Precinct,"Paris, 6e arrondissement",2781,1,1339,0.796863317489624,0.2613636255264282
P_91377_19,Precinct,Massy,3361,1,1089,0.7557392120361328,0.3884093761444092
P_95598_7,Precinct,Soisy-sous-Montmorency,3552,1,1107,0.7335140109062195,0.30759650468826294
P_92071_3,Precinct,Sceaux,3417,1,967,0.7890382409095764,0.3452380895614624
P_95607_6,Precinct,Taverny,3553,1,1108,0.7021660804748535,0.37169313430786133
P_94021_3,Precinct,Chevilly-Larue,3477,1,1249,0.8102481961250305,0.3879837095737457
M_91649,Municipality,Vert-le-Petit,3380,0,1901,0.8279852867126465,0.25
P_78486_5,Precinct,Le Perray-en-Yvelines,2957,1,967,0.7962771654129028,0.28684210777282715
M_77016,Municipality,Bagneaux-sur-Loing,2915,1,1042,0.834932804107666,0.2605140209197998
M_77372,Municipality,Pomponne,2887,0,2265,0.7885209918022156,0.24843661487102509
P_92072_13,Precinct,Sèvres,3419,0,959,0.787278413772583,0.3910690248012543
P_77079_4,Precinct,Champagne-sur-Seine,2866,1,753,0.7861886024475098,0.32474225759506226
P_78123_8,Precinct,Carrières-sous-Poissy,2939,1,984,0.7164633870124817,0.41642650961875916
P_77083_5,Precinct,Champs-sur-Marne,2867,1,1184,0.7643581032752991,0.4002254903316498
P_75112_1224,Precinct,"Paris, 12e arrondissement",2760,0,1413,0.7919320464134216,0.4067029058933258
P_91086_1,Precinct,Bondoufle,3328,1,1126,0.8028419017791748,0.28393664956092834
P_95051_5,Precinct,Beauchamp,3515,1,864,0.7719907164573669,0.23619632422924042
P_92025_18,Precinct,Colombes,3398,1,1255,0.7362549901008606,0.445061057806015
P_91272_4,Precinct,Gif-sur-Yvette,3347,1,1056,0.8323863744735718,0.3126436769962311
P_91272_7,Precinct,Gif-sur-Yvette,3347,1,1022,0.78669273853302,0.4158163368701935
P_78297_10,Precinct,Guyancourt,2949,1,1347,0.788418710231781,0.3638095259666443
P_91477_2,Precinct,Palaiseau,3368,1,1333,0.7801950573921204,0.3470185697078705
P_94028_25,Precinct,Créteil,3480,0,1172,0.744027316570282,0.48881036043167114
P_77431_2,Precinct,Saint-Pierre-lès-Nemours,2902,0,990,0.7989898920059204,0.311053991317749
P_78418_10,Precinct,Montesson,2969,1,832,0.828125,0.21929824352264404
P_95369_2,Precinct,Margency,3512,1,1044,0.8419540524482727,0.22068965435028076
P_78418_7,Precinct,Montesson,2969,0,1325,0.7607547044754028,0.27558258175849915
P_95205_3,Precinct,Ecouen,3524,1,1311,0.7841342687606812,0.31306082010269165
P_91182_6,Precinct,Courcouronnes,3337,1,901,0.7358490824699402,0.5404580235481262
P_95203_11,Precinct,Eaubonne,3523,1,1086,0.7928176522254944,0.2975206673145294
M_95409,Municipality,Moisselles,3517,0,730,0.800000011920929,0.2195121943950653
P_92014_8,Precinct,Bourg-la-Reine,3391,1,972,0.7962962985038757,0.3565789461135864
P_94038_14,Precinct,L'Hay-les-Roses,3487,1,991,0.7013118267059326,0.5430266857147217
P_91386_3,Precinct,Mennecy,3362,1,1075,0.7813953757286072,0.239130437374115
P_75106_605,Precinct,"Paris, 6e arrondissement",2781,1,1149,0.8146213889122009,0.3149350583553314
P_75106_606,Precinct,"Paris, 6e arrondissement",2781,1,1142,0.8029772043228149,0.32236841320991516
P_75112_1257,Precinct,"Paris, 12e arrondissement",2760,1,1531,0.8236446976661682,0.4678972661495209
P_94043_16,Precinct,Le Kremlin-Bicêtre,3489,0,878,0.7391799688339233,0.374213844537735
P_95277_10,Precinct,Gonesse,3530,1,1004,0.6772908568382263,0.4751131236553192
P_95277_12,Precinct,Gonesse,3530,1,1002,0.6457085609436035,0.4369085133075714
P_77373_2,Precinct,Pontault-Combault,2907,1,1120,0.6919642686843872,0.3855263292789459
P_77083_4,Precinct,Champs-sur-Marne,2867,1,1341,0.7390007376670837,0.39356178045272827
M_91021,Municipality,Arpajon,3324,1,5931,0.7585567235946655,0.2774762511253357
M_95660,Municipality,Villaines-sous-Bois,3517,1,470,0.8680850863456726,0.22580644488334656
P_95487_2,Precinct,Persan,3532,0,920,0.770652174949646,0.3028571307659149
P_91182_9,Precinct,Courcouronnes,3337,0,986,0.749492883682251,0.5330578684806824
P_94043_14,Precinct,Le Kremlin-Bicêtre,3489,1,1019,0.7193326950073242,0.4066390097141266
P_92032_17,Precinct,Fontenay-aux-Roses,3401,0,903,0.7929125428199768,0.3792613744735718
P_78335_12,Precinct,Limay,2961,0,715,0.748251736164093,0.427756667137146
P_92048_24,Precinct,Meudon,3409,1,968,0.7293388247489929,0.3457675874233246
P_95205_4,Precinct,Ecouen,3524,1,1116,0.8046594858169556,0.2986425459384918
P_78335_8,Precinct,Limay,2961,1,663,0.7254902124404907,0.44635194540023804
M_77489,Municipality,Vaux-sur-Lunain,2892,1,133,0.8120300769805908,0.2641509473323822
P_77083_7,Precinct,Champs-sur-Marne,2867,0,1285,0.7463034987449646,0.42110875248908997
P_93048_50,Precinct,Montreuil,3447,1,927,0.7033441066741943,0.3993759751319885
P_77284_15,Precinct,Meaux,2894,1,1360,0.6985294222831726,0.4440860152244568
P_95555_7,Precinct,Saint-Gratien,3547,0,1118,0.7093023061752319,0.40482234954833984
P_77284_16,Precinct,Meaux,2894,1,1423,0.6907941102981567,0.5072916746139526
P_77373_17,Precinct,Pontault-Combault,2907,1,925,0.7502702474594116,0.315866082906723
P_94077_10,Precinct,Villeneuve-le-Roi,3507,0,924,0.7186146974563599,0.37422358989715576
P_75105_501,Precinct,"Paris, 5e arrondissement",2780,1,1463,0.8195488452911377,0.33164557814598083
P_75107_707,Precinct,"Paris, 7e arrondissement",2782,1,1375,0.8327272534370422,0.21365247666835785
P_95476_6,Precinct,Osny,3543,1,1390,0.7669064998626709,0.36622390151023865
P_75103_313,Precinct,"Paris, 3e arrondissement",2778,1,1383,0.8040491938591003,0.4300000071525574
P_78361_18,Precinct,Mantes-la-Jolie,2963,1,1134,0.6410934925079346,0.6878530979156494
P_94042_6,Precinct,Joinville-le-Pont,3486,1,1047,0.7478510141372681,0.42153048515319824
P_92049_21,Precinct,Montrouge,3410,1,984,0.7510162591934204,0.39557400345802307
P_95500_16,Precinct,Pontoise,3545,1,843,0.7295373678207397,0.3196721374988556
P_75110_1009,Precinct,"Paris, 10e arrondissement",2756,1,1456,0.7980769276618958,0.36125653982162476
P_77122_7,Precinct,Combs-la-Ville,2871,0,1063,0.7234242558479309,0.40682414174079895
P_78297_4,Precinct,Guyancourt,2949,0,1711,0.7843366265296936,0.3919939696788788
P_91027_1,Precinct,Athis-Mons,3325,1,1138,0.7706502676010132,0.43779343366622925
P_92048_17,Precinct,Meudon,3409,1,927,0.7389428019523621,0.32983508706092834
P_94080_11,Precinct,Vincennes,3509,1,972,0.7839506268501282,0.31466665863990784
P_91114_12,Precinct,Brunoy,3332,1,973,0.7810894250869751,0.27453580498695374
P_92062_3,Precinct,Puteaux,3414,0,1049,0.7979027628898621,0.24213075637817383
P_75112_1213,Precinct,"Paris, 12e arrondissement",2761,1,1521,0.8178829550743103,0.4017784893512726
P_78361_21,Precinct,Mantes-la-Jolie,2963,1,617,0.6191247701644897,0.7165775299072266
P_75112_1245,Precinct,"Paris, 12e arrondissement",2760,1,1262,0.759112536907196,0.40189874172210693
P_95203_10,Precinct,Eaubonne,3523,1,1431,0.7442348003387451,0.3256705105304718
P_92044_28,Precinct,Levallois-Perret,3407,0,975,0.8041025400161743,0.3432258069515228
M_77504,Municipality,Villemaréchal,2892,1,619,0.8901454210281372,0.23880596458911896
P_75110_1030,Precinct,"Paris, 10e arrondissement",2756,0,1505,0.7953488230705261,0.3767993152141571
P_78029_3,Precinct,Aubergenville,2934,1,900,0.6855555772781372,0.38860970735549927
P_95607_11,Precinct,Taverny,3553,1,1090,0.7128440141677856,0.32457292079925537
P_77171_1,Precinct,Esbly,2880,1,1306,0.8185298442840576,0.2350710928440094
P_92019_13,Precinct,Châtenay-Malabry,3393,1,1076,0.8447955250740051,0.3661814033985138
P_92032_7,Precinct,Fontenay-aux-Roses,3401,1,795,0.753459095954895,0.3440134823322296
P_94021_2,Precinct,Chevilly-Larue,3477,1,1109,0.7835888266563416,0.3170163035392761
P_92025_34,Precinct,Colombes,3398,1,1161,0.7269595265388489,0.49635037779808044
P_91514_3,Precinct,Quincy-sous-Sénart,3369,1,1353,0.7775313854217529,0.43313953280448914
P_95555_5,Precinct,Saint-Gratien,3547,1,1256,0.7213375568389893,0.516968309879303
P_75106_604,Precinct,"Paris, 6e arrondissement",2781,1,1100,0.7736363410949707,0.31780168414115906
P_91326_3,Precinct,Juvisy-sur-Orge,3349,1,958,0.7672233581542969,0.3509749174118042
P_93031_15,Precinct,Epinay-sur-Seine,3434,0,777,0.6859716773033142,0.5645471811294556
P_94080_13,Precinct,Vincennes,3509,0,795,0.7987421154975891,0.3487261235713959
P_94079_8,Precinct,Villiers-sur-Marne,3508,1,999,0.8038038015365601,0.3780025243759155
P_95051_1,Precinct,Beauchamp,3515,1,708,0.7951977252960205,0.22262118756771088
M_77405,Municipality,Saint-Cyr-sur-Morin,2915,1,1351,0.787564754486084,0.21113243699073792
P_77122_12,Precinct,Combs-la-Ville,2871,1,1013,0.7097729444503784,0.44635194540023804
P_95052_5,Precinct,Beaumont-sur-Oise,3532,1,1171,0.7822374105453491,0.4241071343421936
P_91421_3,Precinct,Montgeron,3363,1,1428,0.7689075469970703,0.25782689452171326
P_75104_414,Precinct,"Paris, 4e arrondissement",2779,1,1183,0.7768385410308838,0.3883388340473175
M_77500,Municipality,Villebéon,2892,1,392,0.795918345451355,0.2142857164144516
P_91086_4,Precinct,Bondoufle,3328,1,829,0.7937273979187012,0.30877742171287537
P_95607_3,Precinct,Taverny,3553,1,722,0.7562326788902283,0.29643526673316956
P_94017_30,Precinct,Champigny-sur-Marne,3474,1,1153,0.6947094798088074,0.39443743228912354
P_77083_10,Precinct,Champs-sur-Marne,2867,1,1488,0.7419354915618896,0.3819188177585602
P_75104_413,Precinct,"Paris, 4e arrondissement",2779,1,1518,0.8017127513885498,0.37728026509284973
P_92025_22,Precinct,Colombes,3399,1,839,0.7580453157424927,0.4329073429107666
P_77122_11,Precinct,Combs-la-Ville,2871,1,1038,0.7302504777908325,0.39434725046157837
P_92062_11,Precinct,Puteaux,3414,1,856,0.7757009267807007,0.3102918565273285
P_92002_27,Precinct,Antony,3387,1,932,0.7693132758140564,0.39316239953041077
P_75105_524,Precinct,"Paris, 5e arrondissement",2780,0,1442,0.8196948766708374,0.39675769209861755
P_91386_1,Precinct,Mennecy,3362,1,935,0.7796791195869446,0.2203626185655594
P_92032_3,Precinct,Fontenay-aux-Roses,3401,1,903,0.7729789614677429,0.3619185984134674
P_77288_15,Precinct,Melun,2895,1,1186,0.7015177011489868,0.4017305374145508
P_95183_4,Precinct,Courdimanche,3520,1,835,0.8371257781982422,0.30523255467414856
P_92019_18,Precinct,Châtenay-Malabry,3393,1,1022,0.747553825378418,0.42547425627708435
M_95331,Municipality,Lassy,3556,1,131,0.8396946787834167,0.2752293646335602
P_94003_3,Precinct,Arcueil,3469,1,947,0.7444561719894409,0.37845706939697266
P_77514_11,Precinct,Villeparisis,2929,1,1092,0.6996337175369263,0.33112582564353943
P_94033_23,Precinct,Fontenay-sous-Bois,3481,1,838,0.7577565908432007,0.39004814624786377
P_78490_17,Precinct,Plaisir,2976,1,769,0.708712637424469,0.6363636255264282
P_95487_5,Precinct,Persan,3532,1,808,0.6720296740531921,0.37714284658432007
P_77288_12,Precinct,Melun,2895,0,1050,0.692380964756012,0.3974895477294922
P_78126_7,Precinct,La Celle-Saint-Cloud,2953,1,1256,0.7778662443161011,0.2802083194255829
P_92049_24,Precinct,Montrouge,3410,1,1183,0.7438715100288391,0.40162980556488037
P_95014_1,Precinct,Andilly,3512,1,747,0.7925033569335938,0.25601375102996826
P_94043_2,Precinct,Le Kremlin-Bicêtre,3489,1,995,0.7467336654663086,0.40976932644844055
P_94033_13,Precinct,Fontenay-sous-Bois,3481,1,1071,0.752567708492279,0.312421590089798
P_92049_27,Precinct,Montrouge,3410,1,923,0.7573131322860718,0.3883211612701416
P_77468_3,Precinct,Torcy,2924,1,1215,0.7440329194068909,0.45474860072135925
P_95205_2,Precinct,Ecouen,3524,1,947,0.7750791907310486,0.29322269558906555
P_75107_716,Precinct,"Paris, 7e arrondissement",2782,0,1229,0.8128559589385986,0.18034447729587555
P_95183_1,Precinct,Courdimanche,3520,1,862,0.8190255165100098,0.29855072498321533
P_95199_10,Precinct,Domont,3522,1,1025,0.7960975766181946,0.2860727608203888
P_94080_24,Precinct,Vincennes,3509,1,965,0.810362696647644,0.33591732382774353
P_91122_2,Precinct,Bures-sur-Yvette,3334,1,795,0.8213836550712585,0.3317756950855255
P_92025_32,Precinct,Colombes,3398,1,1072,0.7481343150138855,0.5114213228225708
P_93048_22,Precinct,Montreuil,3447,0,1179,0.6853265762329102,0.4392991364002228
M_91103,Municipality,Brétigny-sur-Orge,3333,0,14644,0.7636574506759644,0.3181900680065155
P_95183_5,Precinct,Courdimanche,3520,0,853,0.8042203783988953,0.36094674468040466
P_95277_8,Precinct,Gonesse,3530,1,965,0.6652849912643433,0.5859246850013733
P_94074_4,Precinct,Valenton,3503,1,832,0.7115384340286255,0.41196581721305847
P_91514_2,Precinct,Quincy-sous-Sénart,3369,1,1178,0.8132427930831909,0.2738853394985199
P_91377_21,Precinct,Massy,3361,1,1185,0.7147679328918457,0.4585365951061249
P_78015_3,Precinct,Andrésy,2933,1,869,0.7733026742935181,0.2465960681438446
P_75112_1228,Precinct,"Paris, 12e arrondissement",2760,1,1273,0.7886881232261658,0.3573603928089142
P_78498_21,Precinct,Poissy,2977,1,1050,0.7257142663002014,0.3435419499874115
M_78437,Municipality,Mousseaux-sur-Seine,2937,1,540,0.7648147940635681,0.19656018912792206
P_91421_9,Precinct,Montgeron,3363,1,1040,0.7250000238418579,0.45355191826820374
P_75104_406,Precinct,"Paris, 4e arrondissement",2779,1,1585,0.832176685333252,0.37164750695228577
P_75105_515,Precinct,"Paris, 5e arrondissement",2780,1,1467,0.8139059543609619,0.3962743580341339
P_77171_3,Precinct,Esbly,2880,1,1333,0.7629407644271851,0.2327672392129898
P_78311_9,Precinct,Houilles,2951,1,1189,0.7359125018119812,0.3128620982170105
P_91514_4,Precinct,Quincy-sous-Sénart,3369,1,1061,0.8124411106109619,0.30751174688339233
P_78297_2,Precinct,Guyancourt,2949,1,1445,0.7453287243843079,0.395480215549469
P_78490_7,Precinct,Plaisir,2976,0,810,0.7419753074645996,0.5117844939231873
P_75110_1013,Precinct,"Paris, 10e arrondissement",2756,1,1389,0.8034557104110718,0.46727272868156433
P_91477_14,Precinct,Palaiseau,3368,1,1079,0.7664504051208496,0.3584672510623932
P_78358_2,Precinct,Maisons-Laffitte,2962,1,1008,0.7698412537574768,0.22018349170684814
P_78126_8,Precinct,La Celle-Saint-Cloud,2953,1,1262,0.7210776805877686,0.39977604150772095
P_91421_12,Precinct,Montgeron,3363,1,921,0.7600434422492981,0.268328458070755
P_78418_1,Precinct,Montesson,2969,1,828,0.7971014380455017,0.2764976918697357
P_92025_37,Precinct,Colombes,3399,1,1159,0.7627264857292175,0.43742823600769043
P_78486_2,Precinct,Le Perray-en-Yvelines,2957,1,974,0.77823406457901,0.2840000092983246
P_77171_2,Precinct,Esbly,2880,0,1140,0.8526315689086914,0.27679499983787537
P_91589_14,Precinct,Savigny-sur-Orge,3377,1,799,0.767208993434906,0.45622894167900085
M_95026,Municipality,Asnières-sur-Oise,3556,0,1957,0.8022483587265015,0.19843851029872894
P_78311_10,Precinct,Houilles,2951,0,1458,0.7551440596580505,0.3250230848789215
P_95277_4,Precinct,Gonesse,3530,1,899,0.7208008766174316,0.4633758068084717
P_95427_4,Precinct,Montmagny,3541,0,1323,0.7551020383834839,0.3761467933654785
P_92002_23,Precinct,Antony,3387,0,951,0.7528917193412781,0.37319883704185486
P_75112_1201,Precinct,"Paris, 12e arrondissement",2760,1,1201,0.7835137248039246,0.40625
M_77129,Municipality,Coulombs-en-Valois,2915,1,458,0.7947598099708557,0.24444444477558136
M_95091,Municipality,Bouffémont,3517,1,4047,0.7823078632354736,0.3355855941772461
P_95199_2,Precinct,Domont,3522,1,1014,0.7495068907737732,0.33512064814567566
P_92019_12,Precinct,Châtenay-Malabry,3393,0,1161,0.7812230587005615,0.45285215973854065
P_78490_14,Precinct,Plaisir,2976,1,1016,0.7568897604942322,0.41743725538253784
P_77284_6,Precinct,Meaux,2894,1,665,0.6646616458892822,0.4828375279903412
P_92023_29,Precinct,Clamart,3395,1,892,0.7208520174026489,0.49035370349884033
P_94017_34,Precinct,Champigny-sur-Marne,3474,1,1299,0.6805234551429749,0.5093457698822021
P_94068_20,Precinct,Saint-Maur-des-Fossés,3498,1,958,0.7839248180389404,0.2398373931646347
P_94079_6,Precinct,Villiers-sur-Marne,3508,1,887,0.7102593183517456,0.6059113144874573
P_78517_6,Precinct,Rambouillet,2978,1,1039,0.7844080924987793,0.26817041635513306
P_91386_8,Precinct,Mennecy,3362,1,1092,0.7463369965553284,0.2518518567085266
P_75103_312,Precinct,"Paris, 3e arrondissement",2778,1,1404,0.804131031036377,0.38303571939468384
P_78517_15,Precinct,Rambouillet,2978,0,918,0.7342047691345215,0.2764350473880768
P_91386_6,Precinct,Mennecy,3362,0,1128,0.7535461187362671,0.257485032081604
P_92071_13,Precinct,Sceaux,3417,1,1009,0.7799801826477051,0.3247753381729126
P_94077_6,Precinct,Villeneuve-le-Roi,3507,1,968,0.80888432264328,0.359375
P_93053_13,Precinct,Noisy-le-Sec,3451,0,1090,0.6788991093635559,0.39118456840515137
M_77296,Municipality,Moissy-Cramayel,2897,1,10161,0.7450054287910461,0.3813282549381256
P_93031_18,Precinct,Epinay-sur-Seine,3434,1,1110,0.6855855584144592,0.5482993125915527
P_95229_1,Precinct,Ezanville,3527,1,1282,0.7940717339515686,0.3022088408470154
P_94073_7,Precinct,Thiais,3501,1,1088,0.7601103186607361,0.31840795278549194
P_92040_23,Precinct,Issy-les-Moulineaux,3404,0,1165,0.7330471873283386,0.3033175468444824
P_78486_4,Precinct,Le Perray-en-Yvelines,2957,0,1013,0.7966436147689819,0.24525916576385498
M_78322,Municipality,Jouy-en-Josas,2952,1,4819,0.8277651071548462,0.24611860513687134
P_95018_32,Precinct,Argenteuil,3513,0,1107,0.7018970251083374,0.5234270691871643
P_78490_4,Precinct,Plaisir,2976,1,1189,0.7594617605209351,0.37993234395980835
P_78126_9,Precinct,La Celle-Saint-Cloud,2953,1,1456,0.7348901033401489,0.3773764371871948
P_95607_7,Precinct,Taverny,3553,1,1125,0.7279999852180481,0.3788819909095764
P_75110_1026,Precinct,"Paris, 10e arrondissement",2757,1,1625,0.8135384321212769,0.38808250427246094
P_95369_1,Precinct,Margency,3512,1,967,0.8355739116668701,0.21984924376010895
P_78418_4,Precinct,Montesson,2969,1,907,0.7750827074050903,0.23342940211296082
P_78498_1,Precinct,Poissy,2977,1,914,0.7407002449035645,0.26586103439331055
P_92062_8,Precinct,Puteaux,3414,1,1033,0.7754114270210266,0.23086734116077423
M_77384,Municipality,Réau,2897,1,649,0.8027734756469727,0.26915520429611206
P_94033_28,Precinct,Fontenay-sous-Bois,3481,1,1025,0.7590243816375732,0.42049935460090637
P_92025_16,Precinct,Colombes,3399,1,1159,0.7739430665969849,0.3707483112812042
P_91386_7,Precinct,Mennecy,3362,1,1163,0.7214101552963257,0.24455206096172333
P_94077_1,Precinct,Villeneuve-le-Roi,3507,1,821,0.7222899198532104,0.4419795274734497
M_91292,Municipality,Guibeville,3324,1,513,0.8421052694320679,0.2267303168773651
M_77331,Municipality,Nanteuil-sur-Marne,2914,1,304,0.8815789222717285,0.2641509473323822
P_78361_14,Precinct,Mantes-la-Jolie,2964,1,1117,0.6875559687614441,0.6391478180885315
P_93031_4,Precinct,Epinay-sur-Seine,3434,1,649,0.7026194334030151,0.5456570386886597
M_78057,Municipality,Bennecourt,2937,0,1334,0.8140929341316223,0.24600939452648163
P_95500_10,Precinct,Pontoise,3545,1,992,0.6925403475761414,0.44427934288978577
P_78517_5,Precinct,Rambouillet,2978,1,843,0.7983392477035522,0.3097744286060333
M_78528,Municipality,Rolleboise,2937,1,257,0.7626459002494812,0.203125
P_91589_13,Precinct,Savigny-sur-Orge,3377,1,725,0.7572413682937622,0.45318353176116943
P_78361_13,Precinct,Mantes-la-Jolie,2964,1,912,0.6962719559669495,0.4549839198589325
P_78335_5,Precinct,Limay,2961,1,873,0.7594501972198486,0.4018547236919403
P_94042_5,Precinct,Joinville-le-Pont,3486,0,922,0.7451193332672119,0.37481480836868286
M_95430,Municipality,Montsoult,3556,1,2497,0.8374049067497253,0.2711781859397888
P_78498_25,Precinct,Poissy,2977,1,257,0.5525291562080383,0.6449275612831116
P_92048_21,Precinct,Meudon,3409,1,1001,0.7462537288665771,0.3437926471233368
P_77122_13,Precinct,Combs-la-Ville,2871,1,1009,0.7492566704750061,0.3652290999889374
P_92040_10,Precinct,Issy-les-Moulineaux,3404,1,892,0.7455157041549683,0.3271317780017853
P_78126_5,Precinct,La Celle-Saint-Cloud,2953,1,1433,0.7627355456352234,0.3567415773868561
P_92075_14,Precinct,Vanves,3420,1,910,0.79340660572052,0.3618513345718384
P_93048_26,Precinct,Montreuil,3447,1,960,0.699999988079071,0.3510638177394867
P_95051_6,Precinct,Beauchamp,3515,1,798,0.7355889678001404,0.2906574308872223
P_91421_10,Precinct,Montgeron,3363,1,1178,0.7470288872718811,0.4069364070892334
P_78029_8,Precinct,Aubergenville,2934,1,950,0.7631579041481018,0.326241135597229
P_91589_2,Precinct,Savigny-sur-Orge,3377,1,1264,0.7840189933776855,0.31492841243743896
P_75110_1002,Precinct,"Paris, 10e arrondissement",2757,1,1600,0.8131250143051147,0.42084941267967224
P_95183_3,Precinct,Courdimanche,3520,1,864,0.8043981194496155,0.35777124762535095
P_75112_1260,Precinct,"Paris, 12e arrondissement",2761,1,1559,0.7960230708122253,0.40276646614074707
P_94058_3,Precinct,Le Perreux-sur-Marne,3490,1,1060,0.7594339847564697,0.2857142984867096
P_94038_19,Precinct,L'Hay-les-Roses,3487,1,1115,0.7327354550361633,0.4182272255420685
P_95427_1,Precinct,Montmagny,3541,1,1354,0.7178729772567749,0.40292274951934814
P_91114_10,Precinct,Brunoy,3332,1,994,0.6871227622032166,0.39438700675964355
P_95199_1,Precinct,Domont,3522,1,908,0.7632158398628235,0.25221237540245056
P_95607_13,Precinct,Taverny,3553,0,907,0.6979051828384399,0.4214743673801422
P_95051_8,Precinct,Beauchamp,3515,0,859,0.7543655633926392,0.26771652698516846
M_91648,Municipality,Vert-le-Grand,3380,1,1569,0.8005098700523376,0.21551020443439484
P_94021_4,Precinct,Chevilly-Larue,3477,1,947,0.7529038786888123,0.4620887041091919
P_75112_1209,Precinct,"Paris, 12e arrondissement",2761,1,1531,0.8249509930610657,0.384738951921463
P_91326_2,Precinct,Juvisy-sur-Orge,3349,1,937,0.8004269003868103,0.3549257814884186
P_91326_9,Precinct,Juvisy-sur-Orge,3349,0,1078,0.7597402334213257,0.3872976303100586
M_77317,Municipality,Mormant,2900,0,2739,0.7685286402702332,0.27689337730407715
P_95203_7,Precinct,Eaubonne,3523,0,1286,0.714618980884552,0.3392658531665802
P_75107_710,Precinct,"Paris, 7e arrondissement",2782,1,1440,0.8131944537162781,0.24003465473651886
P_92025_24,Precinct,Colombes,3399,0,1151,0.7463075518608093,0.40143370628356934
M_78337,Municipality,Limetz-Villez,2937,1,1484,0.8045822381973267,0.20442929863929749
P_92075_9,Precinct,Vanves,3420,1,665,0.8285714387893677,0.3448905050754547
P_91514_1,Precinct,Quincy-sous-Sénart,3369,0,1400,0.7857142686843872,0.30563250184059143
P_95598_8,Precinct,Soisy-sous-Montmorency,3552,1,1054,0.7561669945716858,0.37212276458740234
P_95018_29,Precinct,Argenteuil,3514,1,1153,0.6730268597602844,0.5137976408004761
P_95229_3,Precinct,Ezanville,3527,1,1212,0.7805280685424805,0.25377970933914185
P_77305_10,Precinct,Montereau-Fault-Yonne,2898,1,640,0.6734374761581421,0.4150485396385193
P_78029_4,Precinct,Aubergenville,2934,1,951,0.7791798114776611,0.30108991265296936
P_94058_20,Precinct,Le Perreux-sur-Marne,3490,1,1126,0.7690941095352173,0.31850117444992065
M_77055,Municipality,Brou-sur-Chantereine,2914,1,2868,0.7447698712348938,0.28728488087654114
P_94042_10,Precinct,Joinville-le-Pont,3486,1,1081,0.7752081155776978,0.32518336176872253
P_95476_4,Precinct,Osny,3543,1,1017,0.8190757036209106,0.25213155150413513
M_77155,Municipality,Dampmart,2887,1,2169,0.7616413235664368,0.2524752616882324
P_95051_4,Precinct,Beauchamp,3515,1,704,0.8011363744735718,0.19343066215515137
P_78029_1,Precinct,Aubergenville,2934,0,878,0.7835990786552429,0.31166914105415344
P_94028_37,Precinct,Créteil,3480,1,994,0.7505030035972595,0.4896836280822754
P_77305_11,Precinct,Montereau-Fault-Yonne,2898,1,739,0.667117714881897,0.53125
M_77053,Municipality,Brie-Comte-Robert,2863,1,9969,0.7547397017478943,0.27430039644241333
P_92040_20,Precinct,Issy-les-Moulineaux,3404,1,1031,0.7119301557540894,0.3991655111312866
P_91122_4,Precinct,Bures-sur-Yvette,3334,1,973,0.8304213881492615,0.3168567717075348
P_78418_6,Precinct,Montesson,2969,1,1173,0.7791986465454102,0.26957494020462036
P_95555_3,Precinct,Saint-Gratien,3547,1,1397,0.7451682090759277,0.3964671194553375
P_78498_23,Precinct,Poissy,2977,1,942,0.7484076619148254,0.38528138399124146
P_92071_14,Precinct,Sceaux,3417,1,985,0.7492385506629944,0.3091655373573303
P_95205_1,Precinct,Ecouen,3524,0,1391,0.7699496746063232,0.32414448261260986
P_94079_18,Precinct,Villiers-sur-Marne,3508,0,967,0.7735263705253601,0.290190726518631
P_94003_1,Precinct,Arcueil,3469,1,1025,0.7385365962982178,0.3563685715198517
M_77211,Municipality,Grandpuits-Bailly-Carrois,2900,1,655,0.847328245639801,0.20110701024532318
P_95014_2,Precinct,Andilly,3512,0,761,0.8331143260002136,0.21052631735801697
P_75110_1016,Precinct,"Paris, 10e arrondissement",2757,0,1224,0.7916666865348816,0.3473242521286011
M_91457,Municipality,La Norville,3324,1,3158,0.8229892253875732,0.30543604493141174
P_78297_11,Precinct,Guyancourt,2949,1,1228,0.7833876013755798,0.39361703395843506
P_94074_1,Precinct,Valenton,3503,1,938,0.7388059496879578,0.3467261791229248
P_77305_12,Precinct,Montereau-Fault-Yonne,2898,1,615,0.6861788630485535,0.5377128720283508
P_94038_18,Precinct,L'Hay-les-Roses,3487,1,1067,0.744142472743988,0.436855673789978
M_77387,Municipality,Remauville,2892,0,334,0.8622754216194153,0.1619718372821808
P_95500_8,Precinct,Pontoise,3545,0,732,0.7103825211524963,0.4533073902130127
P_92002_30,Precinct,Antony,3387,1,953,0.7481637001037598,0.46433770656585693
M_77252,Municipality,Limoges-Fourches,2897,1,303,0.8316831588745117,0.20325203239917755
P_91122_3,Precinct,Bures-sur-Yvette,3334,1,801,0.8189762830734253,0.36124029755592346
P_91027_3,Precinct,Athis-Mons,3325,1,802,0.7880299091339111,0.34354838728904724
P_77468_11,Precinct,Torcy,2924,0,927,0.7281553149223328,0.49924811720848083
P_77288_16,Precinct,Melun,2895,1,1310,0.7106870412826538,0.3825799226760864
P_77288_9,Precinct,Melun,2895,1,986,0.6855983734130859,0.36661699414253235
M_77428,Municipality,Saint-Ouen-en-Brie,2900,1,680,0.8132352828979492,0.22947761416435242
P_94074_5,Precinct,Valenton,3503,1,1002,0.7085828185081482,0.4897959232330322
P_94038_10,Precinct,L'Hay-les-Roses,3487,1,873,0.7651775479316711,0.4046153724193573
M_95652,Municipality,Viarmes,3556,1,3663,0.8187277913093567,0.2338983118534088
P_78361_17,Precinct,Mantes-la-Jolie,2964,1,1092,0.6584249138832092,0.6290550231933594
P_94043_13,Precinct,Le Kremlin-Bicêtre,3489,1,690,0.7275362610816956,0.4072580635547638
P_91114_9,Precinct,Brunoy,3332,1,776,0.75,0.2705061137676239
P_78015_7,Precinct,Andrésy,2933,1,870,0.7747126221656799,0.28658536076545715
M_77455,Municipality,Soignolles-en-Brie,2915,1,1460,0.8198630213737488,0.21783876419067383
P_77079_5,Precinct,Champagne-sur-Seine,2866,1,757,0.8190224766731262,0.3540983498096466
P_92014_4,Precinct,Bourg-la-Reine,3391,0,876,0.8321917653083801,0.33980581164360046
P_93048_31,Precinct,Montreuil,3446,1,1283,0.6726422309875488,0.4175563454627991
P_94042_1,Precinct,Joinville-le-Pont,3486,1,765,0.7568627595901489,0.2956521809101105
P_77468_4,Precinct,Torcy,2924,1,947,0.76346355676651,0.4087694585323334
P_77373_18,Precinct,Pontault-Combault,2907,1,932,0.7693132758140564,0.4183381199836731
P_78517_3,Precinct,Rambouillet,2978,1,883,0.8108720183372498,0.21164773404598236
P_75103_302,Precinct,"Paris, 3e arrondissement",2778,0,1458,0.8031550049781799,0.4487847089767456
P_94038_17,Precinct,L'Hay-les-Roses,3487,0,927,0.7432578206062317,0.43328335881233215
P_78358_6,Precinct,Maisons-Laffitte,2962,1,1207,0.7522783875465393,0.25481313467025757
P_78358_16,Precinct,Maisons-Laffitte,2962,1,706,0.7592067718505859,0.31886792182922363
M_77275,Municipality,Les Marêts,2914,1,115,0.791304349899292,0.31111112236976624
P_78311_1,Precinct,Houilles,2951,1,1275,0.755294144153595,0.34522560238838196
P_75107_717,Precinct,"Paris, 7e arrondissement",2782,1,1363,0.8026412129402161,0.234317347407341
P_78123_6,Precinct,Carrières-sous-Poissy,2939,1,966,0.6501035094261169,0.43414634466171265
P_94028_18,Precinct,Créteil,3479,1,1099,0.7434030771255493,0.5698113441467285
P_77431_1,Precinct,Saint-Pierre-lès-Nemours,2902,1,1034,0.7611218690872192,0.2373540848493576
P_77514_2,Precinct,Villeparisis,2929,1,1392,0.7140804529190063,0.3022541105747223
P_77514_1,Precinct,Villeparisis,2929,1,1447,0.7021423578262329,0.29880478978157043
P_92014_13,Precinct,Bourg-la-Reine,3391,1,927,0.8230852484703064,0.3315719962120056
M_77347,Municipality,Les Ormes-sur-Voulzie,2914,0,655,0.8061068654060364,0.24856597185134888
P_94033_7,Precinct,Fontenay-sous-Bois,3481,0,995,0.8140703439712524,0.3425000011920929
P_95427_3,Precinct,Montmagny,3541,1,269,0.654275119304657,0.36094674468040466
P_77514_7,Precinct,Villeparisis,2929,0,1310,0.7267175316810608,0.3783494234085083
P_95476_8,Precinct,Osny,3543,1,718,0.7674094438552856,0.302752286195755
P_95183_2,Precinct,Courdimanche,3520,1,783,0.8250319361686707,0.4141732156276703
P_94073_4,Precinct,Thiais,3501,1,1180,0.7389830350875854,0.44075828790664673
P_91027_2,Precinct,Athis-Mons,3325,1,1016,0.7657480239868164,0.33638742566108704
P_91086_5,Precinct,Bondoufle,3328,1,943,0.7932131290435791,0.2693370282649994
P_94058_18,Precinct,Le Perreux-sur-Marne,3490,1,1174,0.7436115741729736,0.27906978130340576
P_91114_11,Precinct,Brunoy,3332,0,1153,0.7250650525093079,0.42405831813812256
M_91494,Municipality,Le Plessis-Pâté,3333,0,2711,0.8262633681297302,0.26301494240760803
P_91122_5,Precinct,Bures-sur-Yvette,3334,1,977,0.8126919269561768,0.36467599868774414
M_77438,Municipality,Saint-Thibault-des-Vignes,2887,1,4260,0.7723004817962646,0.2916152775287628
P_95018_50,Precinct,Argenteuil,3514,1,1248,0.7588140964508057,0.3572204113006592
P_91272_9,Precinct,Gif-sur-Yvette,3347,1,1091,0.8038496971130371,0.3418903052806854
P_91326_1,Precinct,Juvisy-sur-Orge,3349,1,1000,0.8090000152587891,0.3274780511856079
P_91182_7,Precinct,Courcouronnes,3337,1,1015,0.7034482955932617,0.5868945717811584
M_91330,Municipality,Lardy,3352,1,4012,0.8115652799606323,0.28566938638687134
P_94017_32,Precinct,Champigny-sur-Marne,3474,1,1334,0.6971514225006104,0.5498891472816467
M_77381,Municipality,Quiers,2900,1,437,0.8352402448654175,0.15864022076129913
P_91477_3,Precinct,Palaiseau,3368,0,1349,0.7961453199386597,0.3079847991466522
P_91477_5,Precinct,Palaiseau,3368,1,796,0.7575376629829407,0.35343384742736816
P_94003_12,Precinct,Arcueil,3469,0,1012,0.7025691866874695,0.34343433380126953
P_95637_1,Precinct,Vauréal,3555,1,1024,0.8076171875,0.3839397728443146
P_91182_8,Precinct,Courcouronnes,3337,1,968,0.7252066135406494,0.582848846912384
P_92014_2,Precinct,Bourg-la-Reine,3391,1,954,0.8270440101623535,0.3011583089828491
P_92019_9,Precinct,Châtenay-Malabry,3393,1,1018,0.7779960632324219,0.4160206615924835
P_92023_32,Precinct,Clamart,3395,0,799,0.7396745681762695,0.445993036031723
P_92023_30,Precinct,Clamart,3395,1,767,0.7640156745910645,0.43133804202079773
P_92023_26,Precinct,Clamart,3395,1,751,0.7403461933135986,0.48440366983413696
P_92025_26,Precinct,Colombes,3399,1,1223,0.7252657413482666,0.4469783306121826
P_92040_17,Precinct,Issy-les-Moulineaux,3404,1,1098,0.7586520910263062,0.3479318618774414
P_92044_38,Precinct,Levallois-Perret,3407,1,950,0.8231579065322876,0.23276983201503754
P_78123_2,Precinct,Carrières-sous-Poissy,2939,1,1194,0.7395309805870056,0.27866971492767334
P_92044_29,Precinct,Levallois-Perret,3407,1,967,0.7735263705253601,0.3480055034160614
P_92044_6,Precinct,Levallois-Perret,3407,1,987,0.7933130860328674,0.22077922523021698
P_92049_1,Precinct,Montrouge,3410,0,734,0.7861035466194153,0.35739436745643616
P_92062_9,Precinct,Puteaux,3414,1,907,0.7717750668525696,0.28801169991493225
P_92071_7,Precinct,Sceaux,3417,0,831,0.7472923994064331,0.35993486642837524
P_95476_7,Precinct,Osny,3543,1,1055,0.7715640068054199,0.33872976899147034
P_92072_15,Precinct,Sèvres,3419,1,957,0.7962382435798645,0.35561496019363403
P_92075_10,Precinct,Vanves,3420,1,997,0.8184553384780884,0.38689741492271423
M_95566,Municipality,Saint-Martin-du-Tertre,3556,1,1696,0.7830188870429993,0.28875380754470825
P_93048_17,Precinct,Montreuil,3447,1,745,0.7167785167694092,0.4636015295982361
P_93053_12,Precinct,Noisy-le-Sec,3451,1,936,0.7254273295402527,0.37574851512908936
P_93053_10,Precinct,Noisy-le-Sec,3451,1,1215,0.7251029014587402,0.4377880096435547
P_95018_43,Precinct,Argenteuil,3514,1,1059,0.7412653565406799,0.3888888955116272
P_94028_46,Precinct,Créteil,3479,0,1002,0.7435129880905151,0.45089903473854065
P_94028_17,Precinct,Créteil,3479,1,882,0.704081654548645,0.5341098308563232
P_78335_7,Precinct,Limay,2961,1,1065,0.7727699279785156,0.33497536182403564
P_94058_17,Precinct,Le Perreux-sur-Marne,3490,0,1074,0.7588454484939575,0.2746566832065582
M_77127,Municipality,Coubert,2863,1,957,0.7868338823318481,0.24287652969360352
P_92032_16,Precinct,Fontenay-aux-Roses,3401,1,792,0.7424242496490479,0.35567009449005127
M_78188,Municipality,Cravent,2937,1,306,0.8104575276374817,0.22131147980690002
P_94079_5,Precinct,Villiers-sur-Marne,3508,1,1054,0.7049335837364197,0.5146036148071289
P_94073_5,Precinct,Thiais,3501,0,1153,0.7805724143981934,0.30248308181762695
P_77373_23,Precinct,Pontault-Combault,2907,0,1017,0.7767944931983948,0.36246785521507263
P_94077_11,Precinct,Villeneuve-le-Roi,3507,1,985,0.7258883118629456,0.3644189238548279
P_94080_25,Precinct,Vincennes,3509,1,980,0.7908163070678711,0.3665803074836731
P_95018_39,Precinct,Argenteuil,3514,0,1174,0.6925042867660522,0.42553192377090454
P_78335_9,Precinct,Limay,2961,1,632,0.7515822649002075,0.31196582317352295
P_95598_5,Precinct,Soisy-sous-Montmorency,3552,1,1012,0.7005928754806519,0.363503634929657
P_93048_28,Precinct,Montreuil,3446,1,1019,0.6673209071159363,0.451661616563797
P_95229_4,Precinct,Ezanville,3527,1,1402,0.7874464988708496,0.3229357898235321
M_91318,Municipality,Janville-sur-Juine,3352,1,1359,0.8594554662704468,0.25929126143455505
P_94043_12,Precinct,Le Kremlin-Bicêtre,3489,1,831,0.7448856830596924,0.429983526468277
P_95427_6,Precinct,Montmagny,3541,1,1157,0.7355229258537292,0.4042806327342987
P_95427_2,Precinct,Montmagny,3541,1,1237,0.7962813377380371,0.3686920702457428
P_78311_6,Precinct,Houilles,2951,1,1149,0.7763272523880005,0.3321917951107025
P_95598_9,Precinct,Soisy-sous-Montmorency,3552,0,1348,0.7321958541870117,0.2620760500431061
P_95637_10,Precinct,Vauréal,3555,1,1046,0.7409178018569946,0.45165562629699707
P_93048_21,Precinct,Montreuil,3446,1,1193,0.6923721432685852,0.4334975481033325
P_95229_2,Precinct,Ezanville,3527,1,1142,0.7565674185752869,0.38361045718193054
P_77315_1,Precinct,Montry,2880,1,1340,0.7888059616088867,0.24758221209049225
P_91086_2,Precinct,Bondoufle,3328,1,1000,0.796999990940094,0.2827763557434082
P_78311_14,Precinct,Houilles,2951,1,1309,0.7776929140090942,0.32303091883659363
P_92072_2,Precinct,Sèvres,3419,1,922,0.7950108647346497,0.33753502368927
M_77253,Municipality,Lissy,2897,1,135,0.8592592477798462,0.2982456088066101
P_93048_30,Precinct,Montreuil,3447,1,1120,0.7053571343421936,0.405370831489563
M_91461,Municipality,Ollainville,3324,1,2889,0.8317757248878479,0.24957627058029175
P_77284_18,Precinct,Meaux,2894,0,963,0.7061266899108887,0.415037602186203
P_95637_6,Precinct,Vauréal,3555,1,1112,0.7904676198959351,0.3993014991283417
M_78343,Municipality,Les Loges-en-Josas,2952,1,1066,0.8245778679847717,0.22158437967300415
P_94017_19,Precinct,Champigny-sur-Marne,3474,0,998,0.7184368968009949,0.3497884273529053
P_94003_10,Precinct,Arcueil,3469,1,1109,0.7511271238327026,0.3177340030670166
M_77033,Municipality,Bezalles,2915,0,147,0.8571428656578064,0.15573769807815552
P_78361_15,Precinct,Mantes-la-Jolie,2963,1,1148,0.6524389982223511,0.6703448295593262
M_77450,Municipality,Servon,2863,1,2350,0.7940425276756287,0.23714131116867065
P_75106_609,Precinct,"Paris, 6e arrondissement",2781,0,937,0.8217716217041016,0.2866578698158264
P_77468_8,Precinct,Torcy,2924,1,1209,0.6716294288635254,0.48346054553985596
P_77079_1,Precinct,Champagne-sur-Seine,2866,1,728,0.7568681240081787,0.3235294222831726
P_75105_512,Precinct,"Paris, 5e arrondissement",2780,1,1491,0.8236083388328552,0.3801652789115906
P_91086_6,Precinct,Bondoufle,3328,0,812,0.825123131275177,0.33487653732299805
P_94021_5,Precinct,Chevilly-Larue,3477,0,953,0.7576075792312622,0.40141844749450684
P_77083_8,Precinct,Champs-sur-Marne,2867,1,798,0.7406014800071716,0.4307958483695984
P_94074_2,Precinct,Valenton,3503,0,903,0.7585825324058533,0.39851853251457214
P_75110_1011,Precinct,"Paris, 10e arrondissement",2756,1,1315,0.7984790802001953,0.5139826536178589
P_94068_26,Precinct,Saint-Maur-des-Fossés,3498,1,1060,0.7547169923782349,0.385987251996994
P_77468_5,Precinct,Torcy,2924,1,1247,0.7153167724609375,0.4653579592704773
P_75112_1251,Precinct,"Paris, 12e arrondissement",2761,1,1584,0.7910353541374207,0.3614947199821472
P_75110_1032,Precinct,"Paris, 10e arrondissement",2757,1,1648,0.8009708523750305,0.4365018904209137
P_75112_1243,Precinct,"Paris, 12e arrondissement",2761,0,1381,0.7885590195655823,0.34293681383132935
P_95229_5,Precinct,Ezanville,3527,0,1039,0.8392685055732727,0.2813953459262848
P_75104_412,Precinct,"Paris, 4e arrondissement",2779,1,1188,0.819865345954895,0.4116424024105072
P_75104_411,Precinct,"Paris, 4e arrondissement",2779,0,957,0.8108673095703125,0.3633987009525299
P_75103_310,Precinct,"Paris, 3e arrondissement",2778,1,1533,0.7847357988357544,0.4075949490070343
P_95199_7,Precinct,Domont,3522,1,1437,0.7675713300704956,0.30912476778030396
P_77122_14,Precinct,Combs-la-Ville,2871,1,993,0.7240684628486633,0.3493635058403015
P_91027_9,Precinct,Athis-Mons,3325,1,962,0.7702702879905701,0.526822566986084
M_77243,Municipality,Lagny-sur-Marne,2887,1,12385,0.7735163569450378,0.2797966003417969
M_77464,Municipality,Thorigny-sur-Marne,2887,1,6009,0.7691795825958252,0.27786293625831604
P_78498_20,Precinct,Poissy,2977,0,891,0.7227833867073059,0.3936507999897003
M_52443,Municipality,Sailly,1776,1,42,0.7142857313156128,0.2666666805744171
M_52247,Municipality,Illoud,1773,1,210,0.8095238208770752,0.3053892254829407
M_8011,Municipality,Anchamps,199,1,179,0.7709497213363647,0.33834585547447205
M_52513,Municipality,Velles,1777,1,80,0.7749999761581421,0.20338982343673706
P_10387_22,Precinct,Troyes,239,1,772,0.7059585452079773,0.37662336230278015
P_10081_5,Precinct,La Chapelle-Saint-Luc,230,1,1092,0.7408424615859985,0.45786163210868835
M_52482,Municipality,Soulaucourt-sur-Mouzon,1776,1,77,0.7792207598686218,0.37931033968925476
M_52149,Municipality,Courcelles-sur-Blaise,1775,0,89,0.8202247023582458,0.15714286267757416
M_10347,Municipality,Saint-Loup-de-Buffigny,234,0,159,0.8805031180381775,0.14388489723205566
M_52446,Municipality,Saint-Broingt-les-Fosses,1777,1,167,0.826347291469574,0.2014925330877304
P_52448_11,Precinct,Saint-Dizier,1785,0,1062,0.5725046992301941,0.4304857552051544
M_52237,Municipality,Harréville-les-Chanteurs,1775,1,221,0.8325791954994202,0.2977527976036072
P_10081_2,Precinct,La Chapelle-Saint-Luc,230,1,922,0.7603036761283875,0.43668121099472046
P_10362_5,Precinct,Sainte-Savine,238,1,1096,0.793795645236969,0.29729729890823364
M_51649,Municipality,Vitry-le-François,1766,1,8274,0.7389412522315979,0.3040585517883301
P_52448_10,Precinct,Saint-Dizier,1785,1,866,0.5554272532463074,0.3888888955116272
P_10387_15,Precinct,Troyes,240,1,1107,0.7353206872940063,0.3729662001132965
M_10393,Municipality,Vallentigny,227,1,155,0.7548387050628662,0.2586206793785095
M_52322,Municipality,Meures,1774,1,110,0.800000011920929,0.22093023359775543
M_10415,Municipality,Villemaur-sur-Vanne,229,1,377,0.8010610342025757,0.20875421166419983
M_52304,Municipality,Malaincourt-sur-Meuse,1777,1,53,0.8867924809455872,0.3777777850627899
M_52065,Municipality,Bouzancourt,1774,1,68,0.7647058963775635,0.19230769574642181
M_52047,Municipality,Beurville,1773,1,101,0.7920792102813721,0.19480518996715546
M_52367,Municipality,Ormoy-lès-Sexfontaines,1780,0,34,0.9117646813392639,0.25806450843811035
P_10362_2,Precinct,Sainte-Savine,238,1,1219,0.734208345413208,0.2647727131843567
M_52536,Municipality,Villiers-lès-Aprey,1774,0,37,0.5945945978164673,0.13636364042758942
M_10184,Municipality,Juzanvigny,227,0,111,0.8468468189239502,0.1489361673593521
P_52448_12,Precinct,Saint-Dizier,1785,1,1018,0.6905697584152222,0.31168830394744873
P_10387_11,Precinct,Troyes,240,0,1212,0.778052806854248,0.2688172161579132
P_10387_30,Precinct,Troyes,240,1,945,0.7449735403060913,0.3222061097621918
M_52257,Municipality,Laferté-sur-Amance,1774,1,108,0.8148148059844971,0.25581395626068115
M_52051,Municipality,Bize,1774,1,43,0.9534883499145508,0.31707316637039185
M_10240,Municipality,Messon,229,1,327,0.856269121170044,0.2743682265281677
M_52403,Municipality,Praslay,1775,1,64,0.765625,0.18367347121238708
P_8328_3,Precinct,Nouzonville,195,1,1148,0.7857142686843872,0.35129067301750183
M_52214,Municipality,La Genevroye,1777,1,25,0.9200000166893005,0.04545454680919647
M_8363,Municipality,Revin,199,1,5111,0.7033848762512207,0.40697672963142395
M_52540,Municipality,Vitry-en-Montagne,1775,1,33,0.6969696879386902,0.21739129722118378
P_10362_3,Precinct,Sainte-Savine,238,1,938,0.7654584050178528,0.3162393271923065
M_52445,Municipality,Saint-Broingt-le-Bois,1779,1,61,0.8360655903816223,0.40816327929496765
M_52006,Municipality,Allichamps,1786,1,332,0.7259036302566528,0.2711864411830902
M_51406,Municipality,Norrois,1766,1,127,0.8110235929489136,0.12621359527111053
M_52230,Municipality,Gudmont-Villiers,1778,1,282,0.8404255509376526,0.2360514998435974
M_52211,Municipality,Froncles,1780,1,1263,0.8558986783027649,0.3647502362728119
M_52013,Municipality,Anrosey,1773,1,119,0.8151260614395142,0.3711340129375458
M_52499,Municipality,Vaillant,1779,1,53,0.8301886916160583,0.22727273404598236
P_52448_9,Precinct,Saint-Dizier,1785,1,1058,0.6824196577072144,0.34142857789993286
M_52528,Municipality,Ville-en-Blaisois,1786,1,130,0.7692307829856873,0.17391304671764374
M_52308,Municipality,Maranville,1780,1,382,0.7801046967506409,0.22727273404598236
M_52549,Municipality,Vroncourt-la-Côte,1778,1,34,0.8529411554336548,0.1111111119389534
M_51463,Municipality,Les Rivières-Henruel,1766,1,162,0.8827160596847534,0.3142857253551483
M_10156,Municipality,Fontvannes,229,1,453,0.8520971536636353,0.22894737124443054
P_8328_2,Precinct,Nouzonville,195,1,1556,0.7416452169418335,0.4246695935726166
M_52419,Municipality,Rennepont,1779,0,151,0.8013244867324829,0.26271185278892517
P_10362_4,Precinct,Sainte-Savine,238,0,934,0.7558886408805847,0.2812051773071289
M_52181,Municipality,Echenay,1776,0,98,0.704081654548645,0.08695652335882187
M_10059,Municipality,Braux,227,1,103,0.7184466123580933,0.11594203114509583
P_10387_7,Precinct,Troyes,239,1,957,0.716823399066925,0.38461539149284363
P_10387_16,Precinct,Troyes,239,1,1114,0.7594255208969116,0.34532374143600464
M_52298,Municipality,Maâtz,1778,1,71,0.8450704216957092,0.1551724076271057
M_52320,Municipality,Merrey,1775,1,106,0.7735849022865295,0.37037035822868347
M_52550,Municipality,Wassy,1786,0,1978,0.8190091252326965,0.262958288192749
M_51446,Municipality,Pringy,1766,0,350,0.7942857146263123,0.21691176295280457
M_52357,Municipality,Noncourt-sur-le-Rongeant,1773,0,146,0.8150684833526611,0.2631579041481018
M_8284,Municipality,Les Mazures,199,0,665,0.8601503968238831,0.2926391363143921
M_52195,Municipality,Farincourt,1780,1,56,0.8928571343421936,0.2199999988079071
M_10275,Municipality,Ossey-les-Trois-Maisons,234,1,425,0.8494117856025696,0.18309858441352844
M_10114,Municipality,Crancey,234,1,553,0.8770343661308289,0.21473684906959534
M_52548,Municipality,Vraincourt,1777,0,75,0.8266666531562805,0.27586206793785095
M_52157,Municipality,Curmont,1776,1,21,0.7142857313156128,0.13333334028720856
P_10387_23,Precinct,Troyes,240,1,933,0.7642015218734741,0.27077364921569824
M_10171,Municipality,Hampigny,227,1,197,0.8680202960968018,0.16568046808242798
M_52416,Municipality,Rangecourt,1773,1,58,0.8793103694915771,0.3469387888908386
M_52079,Municipality,Brousseval,1786,1,562,0.7633451819419861,0.3047619163990021
P_52448_5,Precinct,Saint-Dizier,1785,1,1239,0.6359967589378357,0.38352638483047485
M_10280,Municipality,Pars-lès-Romilly,234,1,563,0.8277087211608887,0.2810457646846771
P_8328_1,Precinct,Nouzonville,195,0,1707,0.7152900099754333,0.37864887714385986
M_52044,Municipality,Roches-Bettaincourt,1779,1,517,0.7852997779846191,0.2810126543045044
M_52425,Municipality,Rivière-les-Fosses,1778,0,217,0.8018433451652527,0.28654971718788147
M_52127,Municipality,Choiseul,1779,1,75,0.746666669845581,0.3076923191547394
M_52351,Municipality,Nijon,1780,1,80,0.7875000238418579,0.30158731341362
M_51328,Municipality,Loisy-sur-Marne,1766,1,742,0.8638814091682434,0.2437106966972351
M_10142,Municipality,Estissac,229,1,1348,0.7908011674880981,0.25430211424827576
M_10323,Municipality,Romilly-sur-Seine,234,1,8806,0.7373381853103638,0.29244986176490784
P_10081_1,Precinct,La Chapelle-Saint-Luc,230,1,877,0.8141391277313232,0.30691641569137573
M_52190,Municipality,Esnouveaux,1776,1,269,0.8698884844779968,0.21645021438598633
M_52363,Municipality,Orbigny-au-Val,1778,1,90,0.800000011920929,0.3333333432674408
P_10081_7,Precinct,La Chapelle-Saint-Luc,230,0,690,0.8202898502349854,0.3041144907474518
M_10037,Municipality,Bercenay-en-Othe,229,0,346,0.8439306616783142,0.20962199568748474
P_10362_1,Precinct,Sainte-Savine,238,1,1176,0.7517006993293762,0.26843318343162537
M_10064,Municipality,Brienne-le-Château,227,1,2038,0.792443573474884,0.2278480976819992
P_10387_32,Precinct,Troyes,239,1,662,0.6827794313430786,0.37861916422843933
P_10387_4,Precinct,Troyes,240,1,1085,0.7225806713104248,0.38917526602745056
M_52034,Municipality,Bailly-aux-Forges,1786,1,119,0.7815126180648804,0.2150537669658661
M_2005,Municipality,Aguilcourt,60,1,313,0.8626198172569275,0.30268198251724243
M_60446,Municipality,Nanteuil-le-Haudouin,2149,1,2328,0.8024054765701294,0.2620989680290222
M_2822,Municipality,Vivières,76,1,300,0.8299999833106995,0.17283950746059418
M_2216,Municipality,Corcy,76,1,233,0.8583691120147705,0.27272728085517883
M_2472,Municipality,Mauregny-en-Haye,45,1,366,0.7868852615356445,0.283687949180603
P_2691_12,Precinct,Saint-Quentin,70,1,789,0.678073525428772,0.38973385095596313
P_2691_8,Precinct,Saint-Quentin,71,1,825,0.7539393901824951,0.3426229655742645
P_2340_1,Precinct,Gauchy,59,1,1400,0.7699999809265137,0.35499057173728943
M_2580,Municipality,Oulchy-le-Château,55,1,540,0.8277778029441833,0.2831050157546997
M_2358,Municipality,Grougis,50,0,310,0.7806451320648193,0.3093220293521881
M_80484,Municipality,Liomer,3058,1,295,0.8135592937469482,0.3361702263355255
M_2783,Municipality,Grand-Verly,61,1,103,0.8155339956283569,0.3734939694404602
M_2173,Municipality,Chauny,53,1,7720,0.7459844350814819,0.2927776873111725
P_2691_31,Precinct,Saint-Quentin,70,0,949,0.760800838470459,0.3549295663833618
M_80711,Municipality,Saint-Ouen,3056,1,1239,0.7877320647239685,0.37669095396995544
M_2662,Municipality,Rozet-Saint-Albin,55,1,263,0.6958174705505371,0.20994475483894348
M_80770,Municipality,Tully,3055,1,473,0.858350932598114,0.2871287167072296
M_60410,Municipality,Mondescourt,2153,1,191,0.8376963138580322,0.23749999701976776
M_2239,Municipality,Crézancy,46,0,727,0.7771664261817932,0.2710951566696167
M_60658,Municipality,Vauciennes,2154,1,485,0.8061855435371399,0.26356589794158936
M_60082,Municipality,Bonneuil-les-Eaux,2121,0,647,0.8408036828041077,0.2074074000120163
M_2107,Municipality,Bourguignon-sous-Coucy,53,1,82,0.8780487775802612,0.2142857164144516
P_80021_70,Precinct,Amiens,3029,1,832,0.604567289352417,0.39878541231155396
M_2476,Municipality,Mennevret,46,1,477,0.7966457009315491,0.2949061691761017
P_80021_48,Precinct,Amiens,3028,1,1262,0.7012678384780884,0.43363845348358154
P_80021_40,Precinct,Amiens,3030,1,780,0.7025641202926636,0.33831775188446045
M_2649,Municipality,Rocourt-Saint-Martin,55,1,243,0.8683127760887146,0.18269230425357819
M_60370,Municipality,Lormaison,2148,0,897,0.832775890827179,0.1875
M_2640,Municipality,Renansart,69,0,131,0.8167939186096191,0.2830188572406769
M_2299,Municipality,Evergnicourt,60,1,379,0.8232190012931824,0.22772277891635895
P_60463_11,Precinct,Nogent-sur-Oise,2152,1,980,0.7142857313156128,0.3631123900413513
M_60104,Municipality,Breteuil,2121,1,2882,0.7543372511863708,0.2760244905948639
M_80016,Municipality,Albert,3027,1,7429,0.7823394536972046,0.30748990178108215
P_2340_3,Precinct,Gauchy,59,1,1100,0.8209090828895569,0.36210763454437256
M_60018,Municipality,Anserville,2119,0,403,0.8138957619667053,0.17592592537403107
P_60159_10,Precinct,Compiègne,2128,0,1580,0.7354430556297302,0.3277680277824402
M_2318,Municipality,Folembray,46,1,1107,0.782294511795044,0.2781065106391907
M_60233,Municipality,Feuquières,2154,1,1105,0.8009049892425537,0.278801828622818
P_2691_25,Precinct,Saint-Quentin,71,1,886,0.7449209690093994,0.40122511982917786
M_60306,Municipality,Hécourt,2155,1,123,0.8048780560493469,0.2551020383834839
M_60181,Municipality,Crisolles,2153,0,723,0.7662517428398132,0.23853211104869843
M_60060,Municipality,Belle-Eglise,2119,1,438,0.8424657583236694,0.24376730620861053
P_2691_29,Precinct,Saint-Quentin,71,0,880,0.75,0.31023621559143066
M_2642,Municipality,Résigny,45,0,142,0.8169013857841492,0.171171173453331
P_60057_20,Precinct,Beauvais,2117,0,1176,0.6649659872055054,0.40697672963142395
M_80160,Municipality,Cagny,3041,1,1132,0.8560070395469666,0.3147953748703003
M_2722,Municipality,Soissons,72,1,17361,0.7184494137763977,0.2793482542037964
M_80531,Municipality,Méricourt-en-Vimeu,3055,0,100,0.8999999761581421,0.2613636255264282
M_2015,Municipality,Ancienville,76,1,61,0.8196721076965332,0.25999999046325684
M_2813,Municipality,Villers-le-Sec,69,1,167,0.8802395462989807,0.232876718044281
M_60218,Municipality,Esches,2148,1,825,0.8690909147262573,0.20575539767742157
M_60575,Municipality,Sainte-Geneviève,2163,1,1943,0.8003088235855103,0.21162638068199158
P_2340_2,Precinct,Gauchy,59,1,811,0.7780517935752869,0.38498401641845703
M_60656,Municipality,Varinfroy,2155,0,206,0.7281553149223328,0.14765100181102753
M_80266,Municipality,Englebelmer,3027,0,206,0.7718446850776672,0.2721518874168396
M_60041,Municipality,Bailleul-sur-Thérain,2155,1,1452,0.8691459894180298,0.3059581220149994
M_80533,Municipality,Mers-les-Bains,3058,1,2517,0.7898291349411011,0.26160991191864014
M_80516,Municipality,Marquaix,3056,0,179,0.832402229309082,0.28378379344940186
M_2663,Municipality,Rozières-sur-Crise,72,0,177,0.8474576473236084,0.2068965584039688
P_60463_10,Precinct,Nogent-sur-Oise,2152,1,1097,0.6964448690414429,0.4274406433105469
M_2601,Municipality,Pignicourt,60,0,129,0.8449612259864807,0.19811320304870605
P_80021_41,Precinct,Amiens,3029,1,1349,0.6819866299629211,0.48834627866744995
M_2170,Municipality,Châtillon-sur-Oise,69,1,108,0.8240740895271301,0.2247191071510315
M_2122,Municipality,Brie,45,1,43,0.8372092843055725,0.3611111044883728
M_60662,Municipality,Le Vauroux,2116,1,389,0.7866324186325073,0.1812080591917038
P_60159_17,Precinct,Compiègne,2128,1,1174,0.6712095141410828,0.4294871687889099
M_60589,Municipality,Saint-Maximin,2156,0,1841,0.777294933795929,0.2169274538755417
M_2624,Municipality,Proisy,61,1,232,0.7844827771186829,0.2707182466983795
M_2126,Municipality,Brunehamel,44,1,446,0.8206278085708618,0.29120880365371704
M_2684,Municipality,Saint-Michel,44,1,2383,0.7515736222267151,0.31415680050849915
P_80021_43,Precinct,Amiens,3029,1,1451,0.6733287572860718,0.4118257164955139
M_60150,Municipality,Chiry-Ourscamps,2156,1,870,0.8022988438606262,0.21865889430046082
M_2078,Municipality,Besmé,53,0,97,0.8247422575950623,0.2151898741722107
M_2298,Municipality,Etreux,44,0,1092,0.791208803653717,0.2929411828517914
M_2360,Municipality,Guignicourt,60,1,1599,0.8186366558074951,0.24745497107505798
M_2267,Municipality,Dommiers,76,0,216,0.8148148059844971,0.27586206793785095
M_2333,Municipality,Fresnes,44,1,117,0.8974359035491943,0.3619047701358795
M_80523,Municipality,Méaulte,3058,1,991,0.845610499382019,0.3076923191547394
M_60672,Municipality,Vez,2155,1,251,0.8525896668434143,0.22966507077217102
M_80143,Municipality,Brocourt,3055,1,87,0.8850574493408203,0.2857142984867096
M_60473,Municipality,Ognes,2149,0,207,0.8019323945045471,0.32926830649375916
P_60463_6,Precinct,Nogent-sur-Oise,2152,1,852,0.7758215665817261,0.36986300349235535
M_60517,Municipality,Puiseux-le-Hauberger,2119,1,652,0.7607361674308777,0.191268190741539
M_2696,Municipality,Saint-Thomas,46,1,62,0.8064516186714172,0.3541666567325592
M_60021,Municipality,Appilly,2153,1,357,0.843137264251709,0.22448979318141937
P_2691_24,Precinct,Saint-Quentin,70,1,945,0.723809540271759,0.36592593789100647
P_80021_44,Precinct,Amiens,3030,1,871,0.5878300666809082,0.4621514081954956
P_60057_30,Precinct,Beauvais,2117,1,940,0.6914893388748169,0.39150944352149963
M_2757,Municipality,Vadencourt,61,0,417,0.88968825340271,0.34510868787765503
M_2717,Municipality,Séry-lès-Mézières,69,1,494,0.8036437034606934,0.3076923191547394
M_80093,Municipality,Berteaucourt-les-Dames,3056,1,859,0.8393480777740479,0.34225353598594666
M_60489,Municipality,Péroy-les-Gombries,2149,1,704,0.8678977489471436,0.19237147271633148
P_80021_21,Precinct,Amiens,3030,1,1209,0.7377998232841492,0.364367812871933
M_80747,Municipality,Templeux-la-Fosse,3057,0,127,0.8425197005271912,0.24761904776096344
P_2691_27,Precinct,Saint-Quentin,70,1,844,0.6872037649154663,0.37876105308532715
P_60463_9,Precinct,Nogent-sur-Oise,2152,0,1217,0.733771562576294,0.40799999237060547
M_80318,Municipality,Flixecourt,3057,1,2316,0.8082901835441589,0.30237582325935364
M_2703,Municipality,Seboncourt,50,1,752,0.833776593208313,0.30000001192092896
M_60135,Municipality,Cauvigny,2163,1,1059,0.8640226721763611,0.19821825623512268
P_60463_7,Precinct,Nogent-sur-Oise,2152,1,1187,0.7228306531906128,0.4449760913848877
M_80216,Municipality,Courcelette,3027,1,131,0.7862595319747925,0.22772277891635895
M_60506,Municipality,Pont-l'Evêque,2153,1,478,0.7698744535446167,0.30470913648605347
P_80021_62,Precinct,Amiens,3029,0,736,0.7853260636329651,0.34325745701789856
M_60088,Municipality,Bornel,2119,1,2545,0.7779960632324219,0.25218284130096436
P_60057_8,Precinct,Beauvais,2117,1,882,0.6882086396217346,0.38142621517181396
M_60395,Municipality,Méru,2148,1,7215,0.7930700182914734,0.349857360124588
M_60214,Municipality,Ernemont-Boutavent,2154,1,149,0.8657718300819397,0.2142857164144516
M_80274,Municipality,Eppeville,3040,1,1506,0.8081009387969971,0.3202669024467468
M_60313,Municipality,Hermes,2156,1,1614,0.8104089498519897,0.22525331377983093
P_80373_1,Precinct,Gamaches,3039,1,1113,0.8508535623550415,0.3563714921474457
M_2064,Municipality,Belleu,72,1,2574,0.7878788113594055,0.3054162561893463
M_60469,Municipality,Novillers,2163,1,286,0.8496503233909607,0.10833333432674408
M_2635,Municipality,Ramicourt,50,1,129,0.8527131676673889,0.2181818187236786
M_60319,Municipality,La Houssoye,2116,0,421,0.8076009750366211,0.22985073924064636
M_60162,Municipality,Corbeil-Cerf,2148,1,245,0.8530611991882324,0.17073170840740204
M_60334,Municipality,Lachapelle-Saint-Pierre,2163,0,699,0.814020037651062,0.16518649458885193
P_80021_31,Precinct,Amiens,3030,0,1171,0.7258753180503845,0.380382776260376
M_60029,Municipality,Auneuil,2116,1,2018,0.791377604007721,0.2247765064239502
M_60229,Municipality,Le Fayel,2156,1,175,0.868571400642395,0.21476510167121887
M_80384,Municipality,Grandcourt,3027,1,164,0.8414633870124817,0.24626865983009338
M_60221,Municipality,Esquennoy,2121,1,547,0.7915905117988586,0.33095237612724304
M_2810,Municipality,Villers-Cotterêts,76,1,6718,0.7654063701629639,0.27128398418426514
M_60540,Municipality,Rivecourt,2155,1,378,0.7645502686500549,0.19512194395065308
P_2691_22,Precinct,Saint-Quentin,71,1,863,0.7392815947532654,0.30288460850715637
M_60651,Municipality,Ully-Saint-Georges,2163,1,1347,0.8337045311927795,0.1842818409204483
P_60159_11,Precinct,Compiègne,2128,1,1491,0.7256874442100525,0.3465160131454468
M_2648,Municipality,Ribemont,69,1,1525,0.8445901870727539,0.28414443135261536
M_60694,Municipality,Villotran,2116,1,228,0.8640350699424744,0.2319587618112564
M_60079,Municipality,Boissy-Fresnoy,2149,1,644,0.8478260636329651,0.24169741570949554
M_2796,Municipality,Vichel-Nanteuil,55,0,73,0.8904109597206116,0.2153846174478531
M_2719,Municipality,Sinceny,53,1,1640,0.8115853667259216,0.2587786316871643
M_60094,Municipality,Boursonne,2154,1,217,0.8387096524238586,0.2742857038974762
M_60471,Municipality,Noyon,2153,1,7521,0.7241058349609375,0.27881181240081787
M_80389,Municipality,Grécourt,3040,0,22,0.7272727489471436,0.13333334028720856
P_80021_61,Precinct,Amiens,3030,1,1006,0.7067594528198242,0.2932761013507843
M_80409,Municipality,Hallu,3056,1,148,0.8243243098258972,0.2916666567325592
M_60486,Municipality,Paillart,2121,1,483,0.739130437374115,0.21813030540943146
M_2361,Municipality,Guise,61,1,3379,0.7842556834220886,0.3697736859321594
P_80021_69,Precinct,Amiens,3029,1,907,0.649393618106842,0.43696027994155884
M_80041,Municipality,Aumont,3058,1,114,0.7719298005104065,0.190476194024086
M_60010,Municipality,Amblainville,2148,1,1203,0.8104737997055054,0.20210526883602142
P_2340_4,Precinct,Gauchy,59,1,948,0.7774261832237244,0.3169398903846741
M_2799,Municipality,Vierzy,55,1,271,0.8376383781433105,0.2901785671710968
M_60387,Municipality,Marseille-en-Beauvaisis,2154,0,862,0.8259860873222351,0.2600574791431427
M_2061,Municipality,Becquigny,50,1,185,0.7837837934494019,0.33103448152542114
M_80748,Municipality,Templeux-le-Guérard,3057,1,154,0.8766233921051025,0.3777777850627899
M_60148,Municipality,Chèvreville,2149,1,331,0.791540801525116,0.1230769231915474
P_80373_2,Precinct,Gamaches,3039,1,942,0.8821656107902527,0.3135802447795868
M_80658,Municipality,Quivières,3040,1,126,0.6746031641960144,0.1764705926179886
M_80811,Municipality,Voyennes,3040,1,482,0.863070547580719,0.23600973188877106
M_2295,Municipality,Etréaupont,46,1,694,0.8083573579788208,0.2893773019313812
M_80440,Municipality,Hiermont,3058,0,119,0.8151260614395142,0.22580644488334656
P_80021_42,Precinct,Amiens,3028,1,1500,0.6320000290870667,0.557939887046814
M_80807,Municipality,Ville-sur-Ancre,3027,1,224,0.8883928656578064,0.2448979616165161
M_80827,Municipality,Woincourt,3056,1,1112,0.7760791182518005,0.26547619700431824
P_60159_8,Precinct,Compiègne,2128,1,1774,0.7220969796180725,0.4197138249874115
M_2503,Municipality,Mont-d'Origny,45,1,674,0.8338279128074646,0.36823105812072754
M_80296,Municipality,L'Etoile,3055,1,876,0.8401826620101929,0.34068965911865234
M_2399,Municipality,Juvincourt-et-Damary,60,1,331,0.8731117844581604,0.2579505443572998
P_2691_34,Precinct,Saint-Quentin,70,1,1030,0.7339805960655212,0.30841121077537537
M_80552,Municipality,Moislains,3055,1,1026,0.7836257219314575,0.32233503460884094
P_80021_38,Precinct,Amiens,3028,0,1105,0.6805430054664612,0.4796747863292694
P_60057_28,Precinct,Beauvais,2117,1,902,0.7006651759147644,0.47763577103614807
M_60496,Municipality,Plainville,2121,1,136,0.7867646813392639,0.3207547068595886
M_2095,Municipality,Bohain-en-Vermandois,50,1,3704,0.758909285068512,0.2867540121078491
P_80021_37,Precinct,Amiens,3028,1,1280,0.573437511920929,0.5732043981552124
M_60063,Municipality,Berneuil-en-Bray,2116,1,680,0.8397058844566345,0.2031802088022232
P_60057_17,Precinct,Beauvais,2117,1,1021,0.7257590889930725,0.31388887763023376
M_2188,Municipality,Chigny,61,1,135,0.770370364189148,0.27450981736183167
P_2691_37,Precinct,Saint-Quentin,71,1,833,0.7394958138465881,0.293924480676651
M_2363,Municipality,Guny,53,1,317,0.8454258441925049,0.33840304613113403
M_60246,Municipality,Fosseuse,2119,1,628,0.7404458522796631,0.19389978051185608
P_80021_49,Precinct,Amiens,3028,1,1259,0.7251787185668945,0.4304783046245575
M_80489,Municipality,Longueau,3041,0,4132,0.8424491882324219,0.36768150329589844
M_80060,Municipality,Béalcourt,3057,1,81,0.7777777910232544,0.1746031790971756
M_80410,Municipality,Ham,3040,1,3120,0.7724359035491943,0.30886074900627136
M_2767,Municipality,Vauxrezis,72,1,275,0.803636372089386,0.2361111044883728
M_2707,Municipality,Septvaux,44,1,148,0.7432432174682617,0.2777777910232544
M_2504,Municipality,Montescourt-Lizerolles,45,1,1154,0.8093587756156921,0.4034707248210907
M_2805,Municipality,Villeneuve-Saint-Germain,72,1,1651,0.8086008429527283,0.29801830649375916
P_60159_15,Precinct,Compiègne,2128,1,1171,0.69342440366745,0.39250001311302185
M_80647,Municipality,Puzeaux,3057,1,188,0.8936170339584351,0.42514970898628235
M_60318,Municipality,Houdancourt,2156,1,487,0.8316221833229065,0.27272728085517883
M_76473,Municipality,Notre-Dame-de-Bliquetuit,2798,1,588,0.7891156673431396,0.345814973115921
P_76231_5,Precinct,Elbeuf,2807,1,1044,0.717432975769043,0.3997308313846588
P_76540_1,Precinct,Rouen,2843,0,1011,0.783382773399353,0.259640097618103
M_27368,Municipality,Lignerolles,797,1,237,0.8059071898460388,0.17391304671764374
P_76575_16,Precinct,Saint-Etienne-du-Rouvray,2847,1,634,0.6813880205154419,0.6135831475257874
M_76188,Municipality,Cottévrard,2789,1,311,0.9003215432167053,0.1963636428117752
M_76759,Municipality,Yville-sur-Seine,2805,1,369,0.8455284833908081,0.3009708821773529
M_76597,Municipality,Saint-Laurent-en-Caux,2804,1,561,0.832442045211792,0.3435448706150055
P_76384_1,Precinct,Lillebonne,2828,1,700,0.7185714244842529,0.2489878535270691
P_27016_5,Precinct,Les Andelys,789,1,957,0.7993730306625366,0.24500665068626404
M_76014,Municipality,Angerville-l'Orcher,2801,0,1101,0.8610354065895081,0.25723472237586975
M_27464,Municipality,Le Plessis-Grohan,800,1,640,0.8812500238418579,0.2571428716182709
P_27016_2,Precinct,Les Andelys,789,1,917,0.7589967250823975,0.2650957405567169
M_27419,Municipality,Mouettes,797,0,531,0.8097928166389465,0.22325581312179565
P_76498_13,Precinct,Le Petit-Quevilly,2826,1,856,0.7406542301177979,0.4410339295864105
P_76498_6,Precinct,Le Petit-Quevilly,2826,0,769,0.7711313366889954,0.38013699650764465
M_76259,Municipality,Fécamp,2813,1,14396,0.7540983557701111,0.33530017733573914
M_27027,Municipality,Les Authieux,797,1,220,0.8545454740524292,0.1818181872367859
M_27679,Municipality,Verneuil-sur-Avre,803,1,4545,0.7559955716133118,0.25776857137680054
P_76575_6,Precinct,Saint-Etienne-du-Rouvray,2847,0,1198,0.783806324005127,0.3658008575439453
M_27375,Municipality,Louviers,790,1,11348,0.7298202514648438,0.30268341302871704
M_27182,Municipality,Courteilles,803,0,150,0.7866666913032532,0.16949152946472168
P_76540_3,Precinct,Rouen,2844,1,940,0.835106372833252,0.2784973978996277
P_76319_2,Precinct,Grand-Couronne,2817,1,859,0.7054714560508728,0.3608768880367279
M_76193,Municipality,La Crique,2789,1,269,0.8364312052726746,0.1818181872367859
M_27342,Municipality,Houetteville,790,1,160,0.800000011920929,0.19685038924217224
M_76194,Municipality,Criquebeuf-en-Caux,2813,1,306,0.8660130500793457,0.29527559876441956
M_76409,Municipality,Mannevillette,2834,0,609,0.8620689511299133,0.27701374888420105
M_76382,Municipality,Lanquetot,2793,1,813,0.831488311290741,0.2432432472705841
M_27082,Municipality,La Bonneville-sur-Iton,775,1,1531,0.8589157462120056,0.31404322385787964
M_76378,Municipality,Jumièges,2805,1,1450,0.822068989276886,0.2857142984867096
M_76219,Municipality,Doudeville,2804,1,1945,0.8015424013137817,0.2867406904697418
P_76498_4,Precinct,Le Petit-Quevilly,2826,1,789,0.7972116470336914,0.32096773386001587
P_27016_4,Precinct,Les Andelys,789,1,948,0.8037974834442139,0.2530282735824585
M_76254,Municipality,Etretat,2801,1,1333,0.8334583640098572,0.23126143217086792
M_76576,Municipality,Saint-Eustache-la-Forêt,2793,1,815,0.8539877533912659,0.2777777910232544
M_76453,Municipality,Morgny-la-Pommeraye,2795,1,801,0.8239700198173523,0.23882897198200226
M_76738,Municipality,Vieux-Manoir,2795,1,534,0.8670411705970764,0.2879121005535126
M_76674,Municipality,Sévis,2789,1,235,0.8851063847541809,0.2829268276691437
M_27457,Municipality,Piseux,803,1,540,0.8388888835906982,0.14606741070747375
P_76495_4,Precinct,Pavilly,2841,0,944,0.8252118825912476,0.34545454382896423
P_76384_4,Precinct,Lillebonne,2828,0,1140,0.7078947424888611,0.372945636510849
M_27678,Municipality,Les Ventes,800,1,856,0.8329439163208008,0.29178470373153687
M_76144,Municipality,Bretteville-Saint-Laurent,2804,0,139,0.8920863270759583,0.30894309282302856
M_76390,Municipality,Les Loges,2813,0,882,0.8310657739639282,0.2336578518152237
M_76088,Municipality,Berville-sur-Seine,2805,0,382,0.8926701545715332,0.2997032701969147
P_27016_3,Precinct,Les Andelys,789,0,865,0.7387283444404602,0.3301587402820587
M_76477,Municipality,Notre-Dame-du-Bec,2834,1,322,0.8757764101028442,0.25806450843811035
P_76681_25,Precinct,Sotteville-lès-Rouen,2853,1,839,0.7628128528594971,0.4038461446762085
P_76322_18,Precinct,Le Grand-Quevilly,2820,1,632,0.8765822649002075,0.4163568913936615
M_76412,Municipality,Martainville-Epreville,2795,1,554,0.8483754396438599,0.2056277096271515
P_76495_5,Precinct,Pavilly,2841,1,1078,0.853432297706604,0.36629214882850647
M_27403,Municipality,Le Mesnil-Jourdain,790,0,230,0.8608695864677429,0.15306122601032257
M_76077,Municipality,Bénesville,2804,1,148,0.8243243098258972,0.1900826394557953
P_76495_3,Precinct,Pavilly,2841,1,813,0.7478474974632263,0.35462185740470886
P_76743_1,Precinct,Villers-Ecalles,2790,1,625,0.8511999845504761,0.34090909361839294
P_76231_8,Precinct,Elbeuf,2807,1,791,0.6953223943710327,0.5205992460250854
P_76231_3,Precinct,Elbeuf,2807,1,1259,0.714853048324585,0.5147392153739929
M_76754,Municipality,Yport,2813,1,704,0.8267045617103577,0.31478261947631836
P_76319_4,Precinct,Grand-Couronne,2817,0,769,0.7074122428894043,0.38104090094566345
P_76212_2,Precinct,Darnétal,2802,1,916,0.7696506381034851,0.3024963140487671
M_76447,Municipality,Montivilliers,2834,1,12311,0.796360969543457,0.306605726480484
M_27036,Municipality,Bâlines,803,1,378,0.8730158805847168,0.1944444477558136
M_27038,Municipality,Les Barils,803,1,174,0.8678160905838013,0.125
P_76322_15,Precinct,Le Grand-Quevilly,2820,1,884,0.848416268825531,0.41746246814727783
P_76451_8,Precinct,Mont-Saint-Aignan,2833,0,807,0.7496902346611023,0.32263514399528503
P_76319_1,Precinct,Grand-Couronne,2817,1,670,0.7283582091331482,0.35010480880737305
P_76540_59,Precinct,Rouen,2844,1,869,0.8193325400352478,0.31721195578575134
M_27472,Municipality,Portes,775,0,190,0.878947377204895,0.1840490847826004
M_76615,Municipality,Saint-Martin-du-Bec,2801,1,522,0.7950191497802734,0.23960880935192108
P_76540_4,Precinct,Rouen,2844,1,905,0.8066298365592957,0.30013832449913025
P_76319_5,Precinct,Grand-Couronne,2817,1,786,0.6577607989311218,0.3444882035255432
P_76540_50,Precinct,Rouen,2843,1,1014,0.8106508851051331,0.26335403323173523
M_27047,Municipality,Beaubray,775,1,244,0.868852436542511,0.2535885274410248
M_76359,Municipality,Héronchelles,2795,0,102,0.8725489974021912,0.2906976640224457
M_76238,Municipality,Epouville,2834,1,2348,0.8339011669158936,0.29320186376571655
M_76164,Municipality,Caudebec-en-Caux,2798,1,1544,0.821891188621521,0.3513944149017334
P_76212_5,Precinct,Darnétal,2802,1,1290,0.8085271120071411,0.2954990267753601
P_76319_3,Precinct,Grand-Couronne,2817,1,494,0.7348178029060364,0.4101123511791229
P_76640_6,Precinct,Saint-Pierre-lès-Elbeuf,2849,1,1162,0.8098106980323792,0.36513158679008484
P_76640_5,Precinct,Saint-Pierre-lès-Elbeuf,2849,1,850,0.7870588302612305,0.32824426889419556
M_76595,Municipality,Saint-Jouin-Bruneval,2801,1,1378,0.8280116319656372,0.22594881057739258
M_76401,Municipality,La Mailleraye-sur-Seine,2798,1,1286,0.9930015802383423,0.329083651304245
M_27436,Municipality,Nogent-le-Sec,775,1,316,0.7879746556282043,0.24686191976070404
M_76114,Municipality,Bolbec,2793,1,7741,0.7580416202545166,0.31705614924430847
M_76716,Municipality,Turretot,2801,1,1153,0.8872506618499756,0.22089552879333496
M_76534,Municipality,Rolleville,2834,1,805,0.8534161448478699,0.269345223903656
M_27057,Municipality,Bernienville,800,0,201,0.8457711338996887,0.21686747670173645
P_76681_13,Precinct,Sotteville-lès-Rouen,2853,1,812,0.7216748595237732,0.417677640914917
M_27602,Municipality,Saint-Sébastien-de-Morsent,800,1,3356,0.8325387239456177,0.25913742184638977
M_76513,Municipality,Quevillon,2848,1,486,0.8827160596847534,0.2141176462173462
P_76231_6,Precinct,Elbeuf,2807,0,1091,0.6929422616958618,0.4108843505382538
P_76640_2,Precinct,Saint-Pierre-lès-Elbeuf,2849,1,1106,0.7676311135292053,0.3441247045993805
M_27073,Municipality,Bois-le-Roi,797,1,838,0.7684963941574097,0.22204723954200745
P_76322_13,Precinct,Le Grand-Quevilly,2820,1,827,0.8282950520515442,0.44029849767684937
M_76701,Municipality,Touffreville-la-Cable,2798,1,315,0.8730158805847168,0.35424354672431946
P_76540_7,Precinct,Rouen,2843,1,876,0.8207762837409973,0.27362483739852905
M_76636,Municipality,Saint-Pierre-de-Varengeville,2848,1,1825,0.8668493032455444,0.3535483777523041
M_76750,Municipality,Yainville,2805,1,868,0.8594470024108887,0.3964817225933075
P_76322_21,Precinct,Le Grand-Quevilly,2820,0,938,0.8123667240142822,0.4533333480358124
P_76640_1,Precinct,Saint-Pierre-lès-Elbeuf,2849,0,1278,0.7949921488761902,0.2995951473712921
M_76614,Municipality,Saint-Martin-de-Boscherville,2848,0,1215,0.8724279999732971,0.24737344682216644
P_76681_26,Precinct,Sotteville-lès-Rouen,2853,0,675,0.765925943851471,0.41093116998672485
M_27014,Municipality,Amfreville-sur-Iton,790,1,603,0.8159204125404358,0.21694214642047882
P_76540_9,Precinct,Rouen,2844,1,935,0.7764706015586853,0.301272988319397
P_76212_6,Precinct,Darnétal,2802,0,594,0.7205387353897095,0.35781991481781006
P_76540_14,Precinct,Rouen,2844,0,683,0.7964860796928406,0.3264925479888916
P_76681_1,Precinct,Sotteville-lès-Rouen,2853,1,707,0.8090523481369019,0.3953900635242462
P_76231_4,Precinct,Elbeuf,2807,1,1157,0.7467588782310486,0.39436620473861694
M_76321,Municipality,Les Grandes-Ventes,2789,0,1352,0.8306213021278381,0.22404371201992035
P_76575_15,Precinct,Saint-Etienne-du-Rouvray,2847,1,1133,0.7140335440635681,0.5421383380889893
P_76540_6,Precinct,Rouen,2843,1,889,0.7840269804000854,0.34306567907333374
M_76092,Municipality,Beuzevillette,2793,0,515,0.8679611682891846,0.3031674325466156
P_76322_2,Precinct,Le Grand-Quevilly,2820,1,787,0.8182973265647888,0.4283464550971985
P_76640_3,Precinct,Saint-Pierre-lès-Elbeuf,2849,1,1097,0.7602552175521851,0.2973301112651825
M_76062,Municipality,Beaumont-le-Hareng,2789,1,186,0.801075279712677,0.22602739930152893
P_76384_6,Precinct,Lillebonne,2828,1,1120,0.71875,0.3025316596031189
P_27016_1,Precinct,Les Andelys,789,1,846,0.7600472569465637,0.20472441613674164
P_76575_2,Precinct,Saint-Etienne-du-Rouvray,2847,1,1108,0.8104693293571472,0.3654937446117401
P_76451_6,Precinct,Mont-Saint-Aignan,2833,1,812,0.8435960412025452,0.30383479595184326
M_76158,Municipality,Canville-les-Deux-Eglises,2804,1,243,0.8436213731765747,0.4205128252506256
P_76575_9,Precinct,Saint-Etienne-du-Rouvray,2847,1,789,0.8428390622138977,0.39083969593048096
P_76681_14,Precinct,Sotteville-lès-Rouen,2853,1,724,0.7665745615959167,0.460550457239151
M_76388,Municipality,Lintot,2793,1,366,0.8224043846130371,0.3047945201396942
P_76451_2,Precinct,Mont-Saint-Aignan,2833,1,833,0.7575029730796814,0.3251231610774994
P_76743_2,Precinct,Villers-Ecalles,2790,1,748,0.8275400996208191,0.35139572620391846
M_27165,Municipality,Conches-en-Ouche,775,1,3299,0.7981206178665161,0.2930232584476471
P_76498_7,Precinct,Le Petit-Quevilly,2826,1,685,0.7664233446121216,0.443579763174057
M_27507,Municipality,Saint-André-de-l'Eure,797,1,2380,0.7684873938560486,0.2589285671710968
M_76436,Municipality,Le Mesnil-sous-Jumièges,2805,1,495,0.8121212124824524,0.2614213228225708
M_76121,Municipality,Bosc-Edeline,2795,1,244,0.881147563457489,0.17924527823925018
P_76384_5,Precinct,Lillebonne,2828,1,744,0.6693548560142517,0.32048681378364563
M_27020,Municipality,Arnières-sur-Iton,800,1,1206,0.8250414729118347,0.2505112588405609
M_76670,Municipality,Senneville-sur-Fécamp,2813,1,648,0.8379629850387573,0.2602996230125427
P_76495_1,Precinct,Pavilly,2841,1,896,0.7946428656578064,0.2674253284931183
M_76659,Municipality,Saint-Wandrille-Rançon,2798,0,942,0.8577494621276855,0.2954545319080353
P_76384_3,Precinct,Lillebonne,2828,1,1267,0.6803472638130188,0.40925267338752747
M_27483,Municipality,Quatremare,790,1,318,0.801886796951294,0.17786560952663422
P_76212_1,Precinct,Darnétal,2802,1,975,0.8194871544837952,0.335887610912323
P_76495_2,Precinct,Pavilly,2841,1,993,0.7633433938026428,0.3500678539276123
P_76498_11,Precinct,Le Petit-Quevilly,2826,1,1011,0.7309594750404358,0.45972222089767456
P_76212_3,Precinct,Darnétal,2802,1,1092,0.7646520137786865,0.3199513256549835
M_28183,Municipality,Gommerville,822,1,376,0.8803191781044006,0.16463415324687958
M_28146,Municipality,Faverolles,829,1,647,0.8068006038665771,0.205078125
M_28189,Municipality,Guilleville,822,1,148,0.837837815284729,0.19354838132858276
P_45068_1,Precinct,Châlette-sur-Loing,1555,1,668,0.7245509028434753,0.36247333884239197
P_45203_2,Precinct,Meung-sur-Loire,1573,1,1121,0.7805531024932861,0.28205129504203796
P_45252_1,Precinct,Pithiviers,1581,1,1310,0.6778625845909119,0.4075774848461151
M_18281,Municipality,Vignoux-sur-Barangeon,501,1,1529,0.8227599859237671,0.22258064150810242
P_45203_1,Precinct,Meung-sur-Loire,1573,0,1198,0.768781304359436,0.24561403691768646
M_37262,Municipality,Trogues,1235,1,266,0.8609022498130798,0.18468467891216278
M_28096,Municipality,La Chaussée-d'Ivry,805,0,768,0.7604166865348816,0.196891188621521
P_45208_5,Precinct,Montargis,1574,0,580,0.6086207032203674,0.29532164335250854
M_37147,Municipality,Marcilly-sur-Vienne,1251,0,430,0.8558139801025391,0.22499999403953552
P_45234_40,Precinct,Orléans,1578,1,1137,0.7062445282936096,0.491761714220047
P_28134_10,Precinct,Dreux,817,1,1537,0.6174365878105164,0.7145900130271912
P_45147_12,Precinct,Fleury-les-Aubrais,1564,1,1127,0.7382431030273438,0.38188493251800537
P_28218_2,Precinct,Lucé,825,1,982,0.6853360533714294,0.3268072307109833
M_18214,Municipality,Saint-Hilaire-de-Court,511,1,516,0.8236433863639832,0.2517814636230469
P_45269_3,Precinct,Saint-Ay,1573,1,799,0.7384230494499207,0.24398624897003174
P_28220_3,Precinct,Luisant,826,1,943,0.8186638355255127,0.28021249175071716
M_18101,Municipality,Germigny-l'Exempt,499,1,294,0.8163265585899353,0.27659574151039124
M_28113,Municipality,Coulombs,829,1,1100,0.7799999713897705,0.2240762859582901
P_45155_1,Precinct,Gien,1565,1,1314,0.7404870390892029,0.3267015814781189
P_41269_9,Precinct,Vendôme,1411,0,729,0.8230452537536621,0.2585616409778595
M_41150,Municipality,Mont-près-Chambord,1400,1,2738,0.8652300834655762,0.2618025839328766
P_28085_14,Precinct,Chartres,811,1,993,0.6858006119728088,0.371257483959198
P_41269_3,Precinct,Vendôme,1411,1,623,0.6918138265609741,0.3962264060974121
P_28085_17,Precinct,Chartres,811,1,772,0.7253885865211487,0.3387681245803833
P_45028_3,Precinct,Beaugency,1550,1,919,0.7682263255119324,0.26801154017448425
P_28088_11,Precinct,Châteaudun,812,1,639,0.7558685541152954,0.4173728823661804
P_45234_2,Precinct,Orléans,1579,1,1072,0.7910447716712952,0.3009592294692993
P_28220_1,Precinct,Luisant,826,1,742,0.808625340461731,0.23720136284828186
M_28007,Municipality,Anet,805,1,2055,0.7771289348602295,0.21169739961624146
P_45147_9,Precinct,Fleury-les-Aubrais,1564,1,1005,0.779104471206665,0.3289817273616791
P_28085_12,Precinct,Chartres,811,1,1014,0.6962524652481079,0.3712230324745178
P_41269_2,Precinct,Vendôme,1411,1,616,0.6866883039474487,0.36867469549179077
P_45147_14,Precinct,Fleury-les-Aubrais,1564,1,1181,0.7417442798614502,0.33957844972610474
P_45252_4,Precinct,Pithiviers,1581,1,1069,0.7717493176460266,0.2484472095966339
P_41018_27,Precinct,Blois,1389,1,891,0.7418630719184875,0.35987749695777893
M_18062,Municipality,Le Chautay,499,0,234,0.8247863054275513,0.2408376932144165
P_18087_1,Precinct,Dun-sur-Auron,496,1,837,0.781361997127533,0.3265624940395355
P_45284_2,Precinct,Saint-Jean-de-Braye,1584,1,602,0.7840531468391418,0.3013100326061249
P_28134_9,Precinct,Dreux,817,1,717,0.6429567933082581,0.5
P_28088_6,Precinct,Châteaudun,812,1,826,0.7469733953475952,0.30655738711357117
M_28199,Municipality,Janville,822,1,1125,0.8106666803359985,0.19416385889053345
M_37117,Municipality,Hommes,1218,1,619,0.8255250453948975,0.2121807485818863
P_45115_3,Precinct,Courtenay,1561,1,933,0.8113611936569214,0.17876343429088593
M_18150,Municipality,Méry-sur-Cher,511,1,534,0.86329585313797,0.23348017036914825
P_45234_49,Precinct,Orléans,1579,0,908,0.7389867901802063,0.3823975622653961
M_18048,Municipality,La Chapelle-Hugon,499,1,286,0.8356643319129944,0.28270041942596436
M_37255,Municipality,Tavant,1235,1,204,0.8872548937797546,0.23595505952835083
M_28279,Municipality,Nogent-le-Roi,829,0,2570,0.7894941568374634,0.2647647559642792
P_28218_3,Precinct,Lucé,825,0,724,0.6754143834114075,0.3668763041496277
P_37122_73,Precinct,Joué-lès-Tours,1234,1,912,0.718201756477356,0.3829113841056824
M_37198,Municipality,Rillé,1218,1,238,0.848739504814148,0.286432147026062
P_28280_4,Precinct,Nogent-le-Rotrou,830,1,712,0.8441011309623718,0.2915951907634735
P_45284_11,Precinct,Saint-Jean-de-Braye,1584,1,836,0.7715311050415039,0.317965030670166
P_37208_7,Precinct,Saint-Avertin,1247,1,1029,0.8270165324211121,0.29191797971725464
P_45234_56,Precinct,Orléans,1578,0,1216,0.6957237124443054,0.5276442170143127
P_45089_6,Precinct,Chécy,1559,0,1053,0.852801501750946,0.2380409985780716
P_28134_16,Precinct,Dreux,817,0,1235,0.6396760940551758,0.4639175236225128
P_37233_5,Precinct,Saint-Pierre-des-Corps,1250,1,468,0.6794871687889099,0.3461538553237915
P_45302_13,Precinct,Saran,1588,1,748,0.7620320916175842,0.2964285612106323
P_45068_7,Precinct,Châlette-sur-Loing,1555,1,978,0.7413088083267212,0.39300698041915894
P_28134_8,Precinct,Dreux,817,1,795,0.5874213576316833,0.5658747553825378
P_37233_1,Precinct,Saint-Pierre-des-Corps,1250,0,1023,0.7722384929656982,0.32858991622924805
P_37233_9,Precinct,Saint-Pierre-des-Corps,1250,1,854,0.7177985906600952,0.3615257143974304
M_28298,Municipality,Pierres,827,0,2023,0.8264952898025513,0.27433091402053833
P_45302_1,Precinct,Saran,1588,0,683,0.7232796549797058,0.3132780194282532
P_37208_8,Precinct,Saint-Avertin,1247,1,988,0.8572874665260315,0.29868578910827637
M_18138,Municipality,Marmagne,501,1,1725,0.8376811742782593,0.24395447969436646
M_18197,Municipality,Saint-Amand-Montrond,504,1,7772,0.7494853138923645,0.29234540462493896
M_18210,Municipality,Saint-Georges-sur-la-Prée,511,1,456,0.8728070259094238,0.20769231021404266
P_28088_8,Precinct,Châteaudun,812,1,708,0.7358757257461548,0.40980392694473267
P_37122_72,Precinct,Joué-lès-Tours,1234,1,834,0.6690647602081299,0.5100548267364502
M_37012,Municipality,Avon-les-Roches,1235,1,425,0.8399999737739563,0.2448979616165161
P_45234_39,Precinct,Orléans,1578,1,978,0.7505112290382385,0.4820936620235443
M_18096,Municipality,Foëcy,501,1,1508,0.8176392316818237,0.242148756980896
P_45155_6,Precinct,Gien,1565,1,1160,0.7103448510169983,0.3645443320274353
P_37208_1,Precinct,Saint-Avertin,1247,0,966,0.805383026599884,0.18904824554920197
P_37233_11,Precinct,Saint-Pierre-des-Corps,1250,1,966,0.6894409656524658,0.46374621987342834
P_37233_2,Precinct,Saint-Pierre-des-Corps,1250,1,1029,0.7764820456504822,0.38825032114982605
P_41018_25,Precinct,Blois,1390,1,923,0.6110509037971497,0.4910394251346588
P_45155_4,Precinct,Gien,1565,1,1118,0.7701252102851868,0.22379270195960999
P_45252_5,Precinct,Pithiviers,1581,0,518,0.6756756901741028,0.5533141493797302
P_45234_6,Precinct,Orléans,1579,1,992,0.7953628897666931,0.2800000011920929
P_45284_14,Precinct,Saint-Jean-de-Braye,1584,1,870,0.7735632061958313,0.335347443819046
M_37013,Municipality,Avrillé-les-Ponceaux,1218,1,354,0.8333333134651184,0.24054983258247375
P_28134_17,Precinct,Dreux,817,1,1106,0.702531635761261,0.4809960722923279
M_28293,Municipality,Oulins,805,1,782,0.8324808478355408,0.20813772082328796
P_45234_38,Precinct,Orléans,1579,1,1099,0.7197452187538147,0.35741934180259705
P_45234_41,Precinct,Orléans,1579,1,1069,0.6959775686264038,0.46887966990470886
P_28220_4,Precinct,Luisant,826,1,830,0.8240963816642761,0.2747747600078583
P_45232_13,Precinct,Olivet,1577,1,929,0.8223896622657776,0.27586206793785095
M_28371,Municipality,Saussay,805,1,799,0.809762179851532,0.23222748935222626
P_45115_1,Precinct,Courtenay,1561,0,935,0.7818182110786438,0.1296551674604416
P_18087_2,Precinct,Dun-sur-Auron,496,1,1171,0.785653293132782,0.24528302252292633
P_41269_4,Precinct,Vendôme,1411,1,697,0.8034433126449585,0.3125
P_45028_4,Precinct,Beaugency,1550,1,860,0.7546511888504028,0.31083202362060547
P_37072_6,Precinct,Chinon,1226,0,1058,0.8402646780014038,0.31693363189697266
M_41129,Municipality,Maslives,1400,1,516,0.8585271239280701,0.25874125957489014
M_28289,Municipality,Ormoy,829,1,180,0.894444465637207,0.21290323138237
P_45068_4,Precinct,Châlette-sur-Loing,1555,1,747,0.79651939868927,0.237931028008461
P_45285_12,Precinct,Saint-Jean-de-la-Ruelle,1585,0,862,0.7842227220535278,0.4117647111415863
P_41018_3,Precinct,Blois,1390,1,715,0.6727272868156433,0.3460721969604492
P_45155_8,Precinct,Gien,1565,0,1170,0.7307692170143127,0.3261904716491699
P_45147_6,Precinct,Fleury-les-Aubrais,1564,1,1178,0.7478777766227722,0.34682080149650574
P_37072_2,Precinct,Chinon,1226,1,985,0.7350254058837891,0.3408450782299042
P_37122_74,Precinct,Joué-lès-Tours,1234,1,1098,0.6794171333312988,0.45890411734580994
M_18091,Municipality,Farges-Allichamps,504,1,153,0.915032684803009,0.2888889014720917
M_41160,Municipality,Neuvy,1400,1,286,0.8496503233909607,0.18672199547290802
P_37208_6,Precinct,Saint-Avertin,1247,1,1231,0.8748984336853027,0.35936030745506287
M_28184,Municipality,Gouillons,822,0,221,0.8823529481887817,0.2774869203567505
M_18279,Municipality,Vierzon,511,1,19137,0.7517374753952026,0.28332391381263733
P_37072_5,Precinct,Chinon,1226,1,882,0.7755101919174194,0.3566121757030487
M_37119,Municipality,L'Ile-Bouchard,1235,0,1335,0.8247190713882446,0.2597765326499939
P_18087_3,Precinct,Dun-sur-Auron,496,0,977,0.7922210693359375,0.2819148898124695
P_28218_11,Precinct,Lucé,825,1,697,0.7044476270675659,0.36570248007774353
P_37072_3,Precinct,Chinon,1226,1,981,0.8287461996078491,0.3162499964237213
M_28197,Municipality,Intréville,822,1,100,0.8799999952316284,0.2298850566148758
M_37241,Municipality,Savigné-sur-Lathan,1218,1,1031,0.8292919397354126,0.23662306368350983
P_45284_3,Precinct,Saint-Jean-de-Braye,1584,0,896,0.7991071343421936,0.30281689763069153
P_45024_2,Precinct,Baule,1573,1,823,0.8286755681037903,0.31278195977211
M_37005,Municipality,Antogny le Tillac,1251,1,406,0.8004925847053528,0.2744479477405548
P_45284_5,Precinct,Saint-Jean-de-Braye,1584,1,752,0.7978723645210266,0.3799654543399811
M_18005,Municipality,Allouis,501,0,687,0.8660843968391418,0.3156089186668396
P_45302_12,Precinct,Saran,1588,1,695,0.7165467739105225,0.359183669090271
P_45053_2,Precinct,Briare,1553,1,1067,0.728209912776947,0.30649352073669434
P_37208_5,Precinct,Saint-Avertin,1247,1,1085,0.8497695922851562,0.2775956392288208
M_18013,Municipality,Arpheuilles,504,1,267,0.8726591467857361,0.3173913061618805
M_37226,Municipality,Sainte-Maure-de-Touraine,1251,1,2995,0.8090150356292725,0.2619250416755676
M_41025,Municipality,Bracieux,1400,0,960,0.8374999761581421,0.23379923403263092
M_28417,Municipality,Villiers-le-Morhier,827,1,1042,0.8358924984931946,0.24189814925193787
P_45147_4,Precinct,Fleury-les-Aubrais,1564,0,708,0.7980226278305054,0.29928314685821533
P_41018_26,Precinct,Blois,1390,1,832,0.8028846383094788,0.3721633851528168
P_45285_8,Precinct,Saint-Jean-de-la-Ruelle,1585,1,708,0.7824859023094177,0.30000001192092896
P_45028_1,Precinct,Beaugency,1550,1,869,0.7825086116790771,0.2859259247779846
P_45053_3,Precinct,Briare,1553,1,807,0.7930607199668884,0.28502416610717773
P_45028_5,Precinct,Beaugency,1550,1,970,0.7711340188980103,0.32655826210975647
P_45089_1,Precinct,Chécy,1559,1,1039,0.8402310013771057,0.27389276027679443
P_45053_1,Precinct,Briare,1553,1,1146,0.7600349187850952,0.25261932611465454
M_18108,Municipality,La Guerche-sur-l'Aubois,499,1,2757,0.7689517736434937,0.2718539834022522
M_41086,Municipality,Fontaines-en-Sologne,1400,1,459,0.8191720843315125,0.21891891956329346
P_45053_4,Precinct,Briare,1553,1,1148,0.7839721441268921,0.24886877834796906
P_45252_2,Precinct,Pithiviers,1581,1,872,0.7454128265380859,0.21909232437610626
P_45208_12,Precinct,Montargis,1574,1,572,0.6468531489372253,0.35875704884529114
P_45234_57,Precinct,Orléans,1578,1,770,0.6103895902633667,0.6274089813232422
M_18141,Municipality,Mehun-sur-Yèvre,501,1,5111,0.8047348856925964,0.27451959252357483
P_45208_13,Precinct,Montargis,1574,1,445,0.7033708095550537,0.2765273451805115
M_28191,Municipality,Hanches,827,1,1923,0.8595944046974182,0.25661537051200867
M_37142,Municipality,Maillé,1251,1,485,0.8371133804321289,0.23664122819900513
P_45285_11,Precinct,Saint-Jean-de-la-Ruelle,1585,1,729,0.7887517213821411,0.42039355635643005
P_28085_18,Precinct,Chartres,811,0,636,0.7767295837402344,0.3505154550075531
P_41018_21,Precinct,Blois,1389,1,717,0.5788005590438843,0.5123762488365173
P_28085_11,Precinct,Chartres,811,1,565,0.5398229956626892,0.4917491674423218
M_18082,Municipality,Cuffy,499,1,864,0.8657407164573669,0.25880759954452515
P_45089_5,Precinct,Chécy,1559,1,976,0.8299180269241333,0.29219144582748413
M_37187,Municipality,Ports,1251,1,259,0.876447856426239,0.3198198080062866
M_28343,Municipality,Saint-Laurent-la-Gâtine,829,1,366,0.8278688788414001,0.2541254162788391
P_45203_4,Precinct,Meung-sur-Loire,1573,1,1020,0.79313725233078,0.2574999928474426
P_28218_7,Precinct,Lucé,825,1,891,0.654321014881134,0.32179930806159973
P_28280_7,Precinct,Nogent-le-Rotrou,830,1,393,0.8346055746078491,0.3199999928474426
M_28187,Municipality,Guainville,805,1,482,0.8443983197212219,0.19851116836071014
P_45232_8,Precinct,Olivet,1577,1,828,0.7862318754196167,0.27515724301338196
P_45089_3,Precinct,Chécy,1559,1,972,0.8364197611808777,0.2796504497528076
P_41018_22,Precinct,Blois,1389,0,630,0.5428571701049805,0.4807121753692627
P_45232_4,Precinct,Olivet,1577,1,851,0.836662769317627,0.2844950258731842
P_45028_6,Precinct,Beaugency,1550,0,998,0.765531063079834,0.28304407000541687
P_45232_6,Precinct,Olivet,1577,0,798,0.829573929309845,0.30721965432167053
P_41018_4,Precinct,Blois,1390,0,782,0.739130437374115,0.33392226696014404
M_18172,Municipality,Orval,504,0,1518,0.8293807506561279,0.31651750206947327
P_45155_2,Precinct,Gien,1565,1,1038,0.7418111562728882,0.23552630841732025
P_45285_5,Precinct,Saint-Jean-de-la-Ruelle,1585,1,736,0.7472826242446899,0.36900368332862854
P_45252_3,Precinct,Pithiviers,1581,1,1048,0.7824427485466003,0.23172242939472198
P_45089_2,Precinct,Chécy,1559,1,995,0.843216061592102,0.24637681245803833
M_18171,Municipality,Orcenais,504,1,197,0.7918781638145447,0.24183006584644318
P_45068_2,Precinct,Châlette-sur-Loing,1555,0,549,0.7868852615356445,0.294536828994751
P_28220_6,Precinct,Luisant,826,0,875,0.8514285683631897,0.302325576543808
P_45285_9,Precinct,Saint-Jean-de-la-Ruelle,1585,1,857,0.6966161131858826,0.5374149680137634
P_45115_2,Precinct,Courtenay,1561,1,1051,0.7849667072296143,0.2002456933259964
P_37122_22,Precinct,Joué-lès-Tours,1234,0,757,0.7437252402305603,0.3425414264202118
M_28227,Municipality,Maintenon,827,1,3340,0.7790419459342957,0.2935420870780945
M_18263,Municipality,Thénioux,511,0,460,0.8478260636329651,0.19430051743984222
P_45302_11,Precinct,Saran,1588,1,684,0.7704678177833557,0.36223506927490234
M_37180,Municipality,Parçay-sur-Vienne,1235,1,521,0.863723635673523,0.21573033928871155
P_41018_24,Precinct,Blois,1389,1,656,0.5411585569381714,0.6200000047683716
P_41018_14,Precinct,Blois,1390,1,1114,0.8034111261367798,0.25198638439178467
M_37082,Municipality,Continvoir,1218,0,349,0.8309455513954163,0.2762237787246704
P_28220_5,Precinct,Luisant,826,1,820,0.8353658318519592,0.29777777194976807
P_28280_5,Precinct,Nogent-le-Rotrou,830,1,853,0.8229777216911316,0.25764191150665283
P_41269_11,Precinct,Vendôme,1411,1,839,0.7890345454216003,0.2854938209056854
P_45208_11,Precinct,Montargis,1574,1,729,0.6639232039451599,0.33752620220184326
P_28280_9,Precinct,Nogent-le-Rotrou,830,1,705,0.73617023229599,0.3176470696926117
P_37072_1,Precinct,Chinon,1226,1,1081,0.7761332392692566,0.27912622690200806
P_37122_21,Precinct,Joué-lès-Tours,1234,1,743,0.7833108901977539,0.3194444477558136
P_28088_7,Precinct,Châteaudun,812,1,744,0.7930107712745667,0.3560209572315216
P_45302_3,Precinct,Saran,1588,1,642,0.8146417737007141,0.26223093271255493
P_41018_7,Precinct,Blois,1389,1,977,0.7175025343894958,0.3076923191547394
M_28379,Municipality,Soulaires,827,1,342,0.8918128609657288,0.23076923191547394
M_50088,Municipality,Brouains,1710,0,135,0.8666666746139526,0.24786324799060822
P_14118_21.2,Precinct,Caen,364,1,652,0.657975435256958,0.4346793293952942
P_50173_2,Precinct,Equeurdreville-Hainneville,1704,1,802,0.7394015192985535,0.39931154251098633
P_14174_3,Precinct,Condé-sur-Noireau,369,0,978,0.8476482629776001,0.31823745369911194
M_14556,Municipality,Saint-André-sur-Orne,391,1,1336,0.8667664527893066,0.35118526220321655
M_61177,Municipality,Frênes,2190,0,609,0.871921181678772,0.26112186908721924
M_14277,Municipality,Fontenay-le-Marmion,391,1,1233,0.8702352046966553,0.34626302123069763
M_14164,Municipality,Clinchamps-sur-Orne,391,0,809,0.8887515664100647,0.33191490173339844
M_61423,Municipality,Saint-Martin-d'Ecublei,2179,1,447,0.8501118421554565,0.2234332412481308
M_50109,Municipality,Cérences,1711,1,1561,0.7693786025047302,0.2123817652463913
M_61388,Municipality,Saint-Fulgent-des-Ormes,2171,1,139,0.8561151027679443,0.15126051008701324
M_50400,Municipality,Picauville,1712,1,1224,0.8129084706306458,0.2579324543476105
M_50152,Municipality,Les Cresnays,1712,0,213,0.737089216709137,0.14935064315795898
M_61243,Municipality,Magny-le-Désert,2181,1,1187,0.8424599766731262,0.16480162739753723
P_14181_5,Precinct,Cormelles-le-Royal,380,0,751,0.808255672454834,0.38991597294807434
M_50118,Municipality,Champrepus,1731,1,217,0.8986175060272217,0.12041884660720825
M_50144,Municipality,Coulouvray-Boisbenâtre,1711,0,413,0.7530266046524048,0.16722407937049866
M_50562,Municipality,Saint-Vaast-la-Hougue,1712,1,1715,0.7574344277381897,0.2476489096879959
M_61214,Municipality,L'Aigle,2179,1,5028,0.780230700969696,0.29094213247299194
M_50165,Municipality,Donville-les-Bains,1710,1,2968,0.796159029006958,0.30371010303497314
M_61336,Municipality,Pouvrai,2171,0,107,0.8785046935081482,0.13978494703769684
P_14118_22.3,Precinct,Caen,364,0,1304,0.7699386477470398,0.3758865296840668
M_50308,Municipality,Le Mesnilbus,1711,1,218,0.853210985660553,0.22826087474822998
M_50121,Municipality,La Chapelle-Cécelin,1731,1,175,0.8114285469055176,0.14084507524967194
M_61486,Municipality,Tinchebray,2190,1,2033,0.8489916324615479,0.2898636758327484
M_50348,Municipality,Montmartin-en-Graignes,1711,1,446,0.8116592168807983,0.18611110746860504
P_14174_1,Precinct,Condé-sur-Noireau,369,1,823,0.8359659910202026,0.2968980669975281
P_14118_19.4,Precinct,Caen,364,1,864,0.7465277910232544,0.38714733719825745
P_14174_2,Precinct,Condé-sur-Noireau,369,1,824,0.8531553149223328,0.3231883943080902
P_14488_4,Precinct,Ouistreham,388,1,1111,0.7371737360954285,0.27955666184425354
M_61442,Municipality,Saint-Patrice-du-Désert,2181,1,174,0.8275862336158752,0.13286712765693665
P_14118_21.3,Precinct,Caen,363,0,965,0.6922279596328735,0.4075757563114166
M_50062,Municipality,Boisyvon,1731,0,78,0.7179487347602844,0.1964285671710968
M_50483,Municipality,Saint-Gilles,1691,1,667,0.904047966003418,0.29048413038253784
P_14181_4,Precinct,Cormelles-le-Royal,380,1,761,0.8725361227989197,0.36712750792503357
M_50351,Municipality,Montrabot,1710,1,65,0.7230769395828247,0.19565217196941376
M_61498,Municipality,Vaunoise,2171,1,87,0.8160919547080994,0.14705882966518402
P_14118_12.1,Precinct,Caen,364,1,1068,0.812734067440033,0.395565927028656
P_50173_1,Precinct,Equeurdreville-Hainneville,1704,1,825,0.7624242305755615,0.3794212341308594
M_50639,Municipality,Villedieu-les-Poêles,1731,1,2834,0.7911079525947571,0.24385805428028107
M_61456,Municipality,Saint-Sulpice-sur-Risle,2179,0,1186,0.8499156832695007,0.2653266191482544
M_50028,Municipality,La Baleine,1710,1,82,0.7560975551605225,0.2295081913471222
M_61097,Municipality,La Chapelle-Montligeon,2182,0,489,0.8527607321739197,0.17241379618644714
P_14488_1,Precinct,Ouistreham,388,1,1056,0.8125,0.3120567500591278
P_14488_2,Precinct,Ouistreham,388,0,1169,0.7981180548667908,0.3333333432674408
M_50002,Municipality,Agneaux,1691,1,3453,0.851433515548706,0.3277950882911682
M_61229,Municipality,Loisail,2182,1,120,0.8333333134651184,0.30927833914756775
P_14663_1,Precinct,Saint-Vigor-le-Grand,356,1,866,0.8348729610443115,0.3110181391239166
M_61255,Municipality,Mauves-sur-Huisne,2182,1,496,0.8266128897666931,0.20999999344348907
P_14118_19.2,Precinct,Caen,363,1,706,0.6614730954170227,0.42391303181648254
M_61092,Municipality,Chandai,2179,1,534,0.8333333134651184,0.2290249466896057
M_61445,Municipality,Saint-Pierre-d'Entremont,2190,1,546,0.8754578828811646,0.2756410241127014
M_50239,Municipality,Hébécrevon,1691,1,864,0.8668981194496155,0.27309781312942505
P_14191_4,Precinct,Courseulles-sur-Mer,370,1,755,0.8357616066932678,0.30327868461608887
P_14191_2,Precinct,Courseulles-sur-Mer,370,1,940,0.8478723168373108,0.2779187858104706
M_50156,Municipality,Crosville-sur-Douve,1711,1,55,0.8545454740524292,0.1702127605676651
P_14118_9.3,Precinct,Caen,363,1,1128,0.7216312289237976,0.4146949052810669
M_61293,Municipality,Mortagne-au-Perche,2182,1,2676,0.7940956354141235,0.2496413141489029
M_50278,Municipality,Le Loreur,1712,1,171,0.859649121761322,0.2638888955116272
M_61168,Municipality,La Ferté-Macé,2181,1,3810,0.8246719241142273,0.2774509787559509
P_14118_21.1,Precinct,Caen,363,1,635,0.6220472455024719,0.4435897469520569
P_14488_3,Precinct,Ouistreham,388,1,1047,0.7688634395599365,0.2799495458602905
M_61207,Municipality,Igé,2171,1,584,0.7996575236320496,0.19256018102169037
M_61463,Municipality,La Sauvagère,2181,0,677,0.8966026306152344,0.23361344635486603
P_14174_4,Precinct,Condé-sur-Noireau,369,1,900,0.8133333325386047,0.349030464887619
M_61140,Municipality,Crulai,2179,1,733,0.8772169351577759,0.20476190745830536
M_50525,Municipality,Saint-Michel-de-Montjoie,1710,1,247,0.8744939565658569,0.1860465109348297
M_50403,Municipality,Pirou,1712,1,1330,0.8052631616592407,0.2674199640750885
P_14191_1,Precinct,Courseulles-sur-Mer,370,1,849,0.8621907830238342,0.29598894715309143
M_61041,Municipality,Bellou-le-Trichard,2171,1,170,0.8058823347091675,0.15909090638160706
M_61329,Municipality,Le Pin-la-Garenne,2182,1,511,0.8180038928985596,0.1926829218864441
P_14118_22.1,Precinct,Caen,364,1,1080,0.8138889074325562,0.4044032394886017
M_14623,Municipality,Saint-Martin-de-Fontenay,391,1,1875,0.8543999791145325,0.3466666638851166
P_50173_9,Precinct,Equeurdreville-Hainneville,1704,1,744,0.8037634491920471,0.37649062275886536
M_14408,Municipality,May-sur-Orne,391,1,1437,0.8622129559516907,0.32621198892593384
M_61292,Municipality,Montsecret,2190,1,375,0.8826666474342346,0.26747721433639526
M_61035,Municipality,Beauvain,2181,1,202,0.8564356565475464,0.1764705926179886
P_50173_7,Precinct,Equeurdreville-Hainneville,1704,0,783,0.7803320288658142,0.41499999165534973
P_14118_13.2,Precinct,Caen,363,1,1159,0.727351188659668,0.4016887843608856
M_61451,Municipality,Saint-Quentin-les-Chardonnets,2190,1,232,0.8620689511299133,0.2639593780040741
P_14191_3,Precinct,Courseulles-sur-Mer,370,1,877,0.8494868874549866,0.24038460850715637
P_14488_5,Precinct,Ouistreham,388,1,1190,0.8033613562583923,0.3789809048175812
M_50060,Municipality,La Bloutière,1731,1,343,0.8104956150054932,0.21481481194496155
P_50173_13,Precinct,Equeurdreville-Hainneville,1704,1,775,0.7793548107147217,0.4047619104385376
P_21054_8,Precinct,Beaune,561,1,1130,0.699999988079071,0.28848642110824585
M_21126,Municipality,Cessey-sur-Tille,577,1,491,0.867617130279541,0.2860576808452606
P_21054_9,Precinct,Beaune,561,1,1150,0.7669565081596375,0.2835472524166107
P_21054_3,Precinct,Beaune,561,1,863,0.6616454124450684,0.35125449299812317
M_21388,Municipality,Marliens,577,0,307,0.8306189179420471,0.26720649003982544
M_58100,Municipality,Dompierre-sur-Héry,1987,0,61,0.7540983557701111,0.3478260934352875
M_21603,Municipality,Semur-en-Auxois,590,1,2792,0.8402578830718994,0.2999562621116638
M_71328,Municipality,Nanton,2646,1,448,0.8638392686843872,0.2133333384990692
M_71430,Municipality,Saint-Jean-de-Vaux,2619,0,284,0.8591549396514893,0.3080168664455414
M_21661,Municipality,Velars-sur-Ouche,587,1,1187,0.8972198963165283,0.27820268273353577
M_21227,Municipality,Darois,576,1,301,0.8870431780815125,0.21374045312404633
M_21478,Municipality,Pasques,587,1,227,0.8722466826438904,0.22959183156490326
P_21054_10,Precinct,Beaune,561,1,1850,0.7648648619651794,0.2419470250606537
M_21291,Municipality,Genay,590,0,277,0.8447653651237488,0.26406925916671753
P_58194_24,Precinct,Nevers,1991,1,821,0.656516432762146,0.43207547068595886
M_58291,Municipality,Thianges,1987,1,177,0.7570621371269226,0.3828125
M_71070,Municipality,Buxy,2605,1,1503,0.8656021356582642,0.29536527395248413
P_89024_15,Precinct,Auxerre,3295,1,768,0.6354166865348816,0.4591194987297058
M_21702,Municipality,Villey-sur-Tille,579,1,223,0.7892376780509949,0.26900583505630493
M_71308,Municipality,Montceaux-Ragny,2645,1,45,0.9111111164093018,0.4390243887901306
P_71270_1411,Precinct,Mâcon,2631,1,874,0.5663615465164185,0.5
M_21278,Municipality,Fontaine-lès-Dijon,576,1,6718,0.864096462726593,0.2321428507566452
M_89009,Municipality,Annay-la-Côte,3296,1,266,0.88345867395401,0.20434781908988953
M_21272,Municipality,Flée,590,1,131,0.8396946787834167,0.27358490228652954
M_58170,Municipality,Monceaux-le-Comte,1989,1,110,0.7818182110786438,0.4470588266849518
M_21255,Municipality,Etaules,576,0,223,0.8923766613006592,0.22448979318141937
M_58015,Municipality,Asnan,1986,0,137,0.7591241002082825,0.4141414165496826
M_58207,Municipality,Parigny-les-Vaux,1990,1,816,0.8357843160629272,0.3348214328289032
M_71188,Municipality,Epertully,2636,0,54,0.8518518805503845,0.2222222238779068
M_58205,Municipality,Ouroux-en-Morvan,1989,1,594,0.7154881954193115,0.38461539149284363
M_21339,Municipality,Lantenay,587,1,381,0.9055117964744568,0.3529411852359772
M_71151,Municipality,Créot,2636,1,57,0.8070175647735596,0.31111112236976624
M_58006,Municipality,Anlezy,1987,1,228,0.75,0.25
M_21200,Municipality,Couchey,582,1,954,0.8752620816230774,0.2738386392593384
M_71471,Municipality,Saint-Privé,2605,1,74,0.7432432174682617,0.20000000298023224
M_89044,Municipality,Blannay,3296,0,114,0.7280701994895935,0.10126582533121109
M_58062,Municipality,Château-Chinon(Ville),1990,1,1284,0.7982866168022156,0.4500494599342346
M_71499,Municipality,Sanvignes-les-Mines,2638,1,3387,0.7635075449943542,0.3322747051715851
M_21003,Municipality,Ahuy,576,1,964,0.8765560388565063,0.26233452558517456
M_71396,Municipality,Saint-Bonnet-en-Bresse,2638,0,351,0.7407407164573669,0.26356589794158936
M_58299,Municipality,Trucy-l'Orgueilleux,1988,0,210,0.8380952477455139,0.28735631704330444
P_21166_6,Precinct,Chenôve,571,1,792,0.7462121248245239,0.46666666865348816
M_21223,Municipality,Daix,576,1,1237,0.8609539270401001,0.26007676124572754
M_58017,Municipality,Aunay-en-Bazois,1990,1,242,0.7603305578231812,0.28977271914482117
M_21431,Municipality,Montigny-sur-Armançon,590,1,112,0.8660714030265808,0.30434781312942505
M_58230,Municipality,Saint-Aubin-des-Chaumes,1988,1,75,0.8133333325386047,0.13333334028720856
M_58043,Municipality,Bussy-la-Pesle,1989,1,41,0.8536585569381714,0.29411765933036804
M_71023,Municipality,Baudrières,2632,1,678,0.8436577916145325,0.25852781534194946
M_71043,Municipality,Les Bordes,2638,1,87,0.7816091775894165,0.24242424964904785
M_21270,Municipality,Flavignerot,582,1,148,0.8648648858070374,0.1640625
M_21057,Municipality,Beire-le-Fort,577,1,248,0.8145161271095276,0.21608039736747742
M_71512,Municipality,Sennecey-le-Grand,2646,1,2060,0.832524299621582,0.23786982893943787
M_21290,Municipality,Gemeaux,579,1,552,0.842391312122345,0.2543478310108185
M_21676,Municipality,Vic-de-Chassenay,590,1,205,0.8731707334518433,0.3040935695171356
M_58018,Municipality,Authiou,1986,1,45,0.7777777910232544,0.11764705926179886
M_71572,Municipality,Vers,2645,1,173,0.8323699235916138,0.30714285373687744
M_71247,Municipality,Jully-lès-Buxy,2605,1,261,0.8659003973007202,0.37219730019569397
M_71249,Municipality,Laives,2646,1,843,0.8493475914001465,0.2765647768974304
M_71555,Municipality,Varennes-le-Grand,2645,0,1345,0.8602230548858643,0.23957408964633942
P_21054_2,Precinct,Beaune,561,0,891,0.7867564558982849,0.23546510934829712
P_21166_8,Precinct,Chenôve,571,1,885,0.6225988864898682,0.447761207818985
P_71270_2211,Precinct,Mâcon,2631,1,1173,0.7212276458740234,0.41826921701431274
M_58107,Municipality,Dun-sur-Grandry,1989,1,154,0.8831169009208679,0.305970162153244
M_71336,Municipality,Ouroux-sur-Saône,2632,1,2152,0.856877326965332,0.26882320642471313
M_71002,Municipality,L'Abergement-Sainte-Colombe,2632,1,866,0.8625866174697876,0.3089655041694641
M_21485,Municipality,Plombières-lès-Dijon,587,1,1989,0.7958773374557495,0.3234344720840454
M_71073,Municipality,Chagny,2606,1,3951,0.7714502811431885,0.28351205587387085
M_58078,Municipality,Cizely,1986,1,47,0.8510638475418091,0.38461539149284363
P_58194_15,Precinct,Nevers,1991,0,901,0.6592674851417542,0.43425604701042175
P_58194_25,Precinct,Nevers,1991,1,937,0.6798292398452759,0.44711539149284363
M_71252,Municipality,Lalheue,2646,0,287,0.8989546895027161,0.3346613645553589
M_21192,Municipality,Corcelles-les-Monts,582,1,547,0.9122486114501953,0.29774126410484314
M_58150,Municipality,Lys,1990,0,103,0.8543689250946045,0.26436781883239746
M_71206,Municipality,La Frette,2637,0,191,0.7853403091430664,0.23489932715892792
M_21211,Municipality,Crécey-sur-Tille,579,1,122,0.8606557250022888,0.27184465527534485
M_71323,Municipality,Mornay,2637,1,130,0.8384615182876587,0.41904762387275696
P_71270_1313,Precinct,Mâcon,2631,1,1611,0.6939789056777954,0.45958220958709717
M_71292,Municipality,Mellecey,2619,1,1017,0.8367748260498047,0.2673860788345337
M_71019,Municipality,Barizey,2619,1,122,0.8606557250022888,0.19607843458652496
P_58194_16,Precinct,Nevers,1991,1,1000,0.652999997138977,0.4038155674934387
P_21166_2,Precinct,Chenôve,571,1,990,0.7464646697044373,0.4134615361690521
P_89024_27,Precinct,Auxerre,3295,1,818,0.6980440020561218,0.38297873735427856
P_58194_12,Precinct,Nevers,1991,1,972,0.7150205969810486,0.4220588207244873
M_71241,Municipality,Jambles,2619,1,407,0.8525798320770264,0.25147929787635803
M_71089,Municipality,La Chapelle-de-Bragny,2645,1,191,0.8795811533927917,0.1878787875175476
M_71319,Municipality,Montret,2637,1,527,0.848197340965271,0.388505756855011
M_58128,Municipality,Glux-en-Glenne,1986,1,97,0.8247422575950623,0.4556961953639984
M_71127,Municipality,Chevagny-sur-Guye,2636,1,82,0.7804877758026123,0.4677419364452362
P_71270_2112,Precinct,Mâcon,2631,1,886,0.6422122120857239,0.36804309487342834
M_89025,Municipality,Avallon,3296,1,4956,0.7504035234451294,0.31752124428749084
M_71238,Municipality,Iguerande,2637,1,802,0.8229426145553589,0.24537037312984467
M_71378,Municipality,Rully,2606,0,1350,0.8081481456756592,0.2765757143497467
P_89024_22,Precinct,Auxerre,3295,1,967,0.7631850838661194,0.33149170875549316
M_58229,Municipality,Saint-André-en-Morvan,1989,0,272,0.7867646813392639,0.29383885860443115
M_58151,Municipality,La Machine,1987,1,2758,0.7552574276924133,0.3898635506629944
M_71374,Municipality,Rosey,2605,0,167,0.826347291469574,0.25735294818878174
M_21351,Municipality,Longchamp,577,1,833,0.8235294222831726,0.2771982252597809
M_21666,Municipality,Vernot,579,1,66,0.8636363744735718,0.29629629850387573
M_71344,Municipality,Passy,2637,1,52,0.8461538553237915,0.27272728085517883
M_71293,Municipality,Ménetreuil,2638,1,277,0.8014440536499023,0.2545454502105713
P_71270_3111,Precinct,Mâcon,2631,0,1216,0.6932565569877625,0.2728365361690521
M_21390,Municipality,Marsannay-la-Côte,582,0,4036,0.8295341730117798,0.29014599323272705
M_58066,Municipality,Châtin,1986,1,105,0.761904776096344,0.25
M_58270,Municipality,Saint-Vérain,1988,1,349,0.8051576018333435,0.2581818103790283
M_58143,Municipality,Limon,1988,1,126,0.7698412537574768,0.17204301059246063
M_58279,Municipality,Sichamps,1988,1,156,0.8589743375778198,0.21804511547088623
M_21292,Municipality,Genlis,577,1,3645,0.8093278408050537,0.2869986295700073
M_21317,Municipality,Is-sur-Tille,579,0,3023,0.7882897853851318,0.3226495683193207
M_21481,Municipality,Perrigny-lès-Dijon,582,1,1152,0.8845486044883728,0.2529999911785126
M_71496,Municipality,Sampigny-lès-Maranges,2606,1,126,0.8809523582458496,0.21621622145175934
M_71097,Municipality,La Chapelle-Thècle,2636,1,434,0.7188940048217773,0.27035829424858093
M_71119,Municipality,Chaudenay,2606,1,754,0.8779841065406799,0.2711864411830902
M_71051,Municipality,Bouzeron,2606,1,122,0.8278688788414001,0.2886597812175751
M_71398,Municipality,Saint-Christophe-en-Bresse,2632,0,783,0.8071519732475281,0.24878837168216705
M_58069,Municipality,Chaumot,1990,1,149,0.8389261960983276,0.3306451737880707
M_71426,Municipality,Sainte-Hélène,2605,1,328,0.8628048896789551,0.31985294818878174
M_71314,Municipality,Montjay,2638,1,152,0.8092105388641357,0.32231405377388
P_21166_9,Precinct,Chenôve,571,1,805,0.7118012309074402,0.5141342878341675
P_89024_14,Precinct,Auxerre,3295,1,799,0.6408010125160217,0.47233203053474426
P_89024_28,Precinct,Auxerre,3295,0,1038,0.7148362398147583,0.4303278625011444
M_71376,Municipality,Roussillon-en-Morvan,2636,1,258,0.7829457521438599,0.2935323417186737
M_71245,Municipality,Jugy,2645,1,234,0.8247863054275513,0.2789473831653595
M_89188,Municipality,Girolles,3296,1,156,0.8333333134651184,0.28346458077430725
M_89378,Municipality,Sauvigny-le-Bois,3296,1,562,0.8576512336730957,0.29598307609558105
P_89099_2,Precinct,Cheny,3302,1,972,0.7222222089767456,0.2784256637096405
M_71221,Municipality,Givry,2619,1,3073,0.8555157780647278,0.24622531235218048
M_58196,Municipality,Nolay,1987,1,318,0.7798742055892944,0.3510203957557678
M_71410,Municipality,Saint-Etienne-en-Bresse,2632,1,592,0.8327702879905701,0.2874743342399597
M_21508,Municipality,Prenois,587,0,294,0.8265306353569031,0.20502091944217682
P_21166_7,Precinct,Chenôve,571,0,804,0.7636815905570984,0.4126455783843994
M_71274,Municipality,Mancey,2646,1,319,0.8307210206985474,0.29885056614875793
M_59015,Municipality,Arleux,1998,1,2151,0.8544862866401672,0.22522026300430298
P_62041_9,Precinct,Arras,2199,1,645,0.7426356673240662,0.4145299196243286
P_59569_3,Precinct,Sin-le-Noble,2094,1,978,0.7719836235046387,0.31436315178871155
M_59299,Municipality,Hem,2044,1,13334,0.7817609310150146,0.2910788953304291
P_59291_6,Precinct,Hautmont,2042,1,927,0.7098166346549988,0.30307692289352417
P_62119_10,Precinct,Béthune,2220,1,601,0.6322795152664185,0.4070080816745758
M_59247,Municipality,Forest-sur-Marque,2044,1,1235,0.8259109258651733,0.2796019911766052
M_62734,Municipality,Sailly-en-Ostrevent,2280,1,527,0.8880455493927002,0.20350109040737152
M_62476,Municipality,Izel-lès-Equerchin,2280,0,737,0.8765264749526978,0.2133956402540207
M_62324,Municipality,Farbus,2279,1,466,0.8669527769088745,0.2846347689628601
P_62004_2,Precinct,Achicourt,2194,0,905,0.8331491947174072,0.3157181441783905
M_62892,Municipality,Willerval,2279,1,505,0.8653465509414673,0.2581395208835602
M_59632,Municipality,Wallers,2106,1,4055,0.7879161238670349,0.25500795245170593
P_62041_33,Precinct,Arras,2199,1,549,0.7777777910232544,0.34285715222358704
P_59569_4,Precinct,Sin-le-Noble,2094,1,983,0.7385554313659668,0.3101983070373535
P_59569_12,Precinct,Sin-le-Noble,2094,1,923,0.716143012046814,0.3966309428215027
M_59039,Municipality,Awoingt,2010,1,590,0.8864406943321228,0.2868369221687317
P_59569_5,Precinct,Sin-le-Noble,2094,0,762,0.7060367465019226,0.34274953603744507
P_62099_5,Precinct,Beaurains,2194,1,581,0.8209982514381409,0.3589743673801422
P_62737_3,Precinct,Sains-en-Gohelle,2267,1,1350,0.7681481242179871,0.3330059051513672
M_62714,Municipality,Roclincourt,2269,0,681,0.8590308427810669,0.23901581764221191
M_59216,Municipality,Eswars,2010,1,273,0.8827838897705078,0.25738397240638733
P_62119_20,Precinct,Béthune,2220,1,1073,0.6859273314476013,0.41873279213905334
M_59414,Municipality,Montigny-en-Ostrevent,2070,0,3270,0.7957186698913574,0.30402207374572754
M_62073,Municipality,Bailleul-Sir-Berthoult,2279,1,973,0.8571428656578064,0.2460414171218872
M_62764,Municipality,Saint-Nicolas,2269,1,3471,0.7772976160049438,0.33320683240890503
P_62041_10,Precinct,Arras,2199,1,651,0.7112135291099548,0.390625
M_59214,Municipality,Estrées,1998,1,805,0.8981366753578186,0.27464789152145386
P_62041_19,Precinct,Arras,2200,1,835,0.8119760751724243,0.3580060303211212
P_59291_2,Precinct,Hautmont,2042,0,1152,0.6762152910232544,0.34293192625045776
M_59141,Municipality,Cauroir,2010,0,429,0.8391608595848083,0.3305322229862213
P_62737_4,Precinct,Sains-en-Gohelle,2267,1,1293,0.7347254157066345,0.36490851640701294
M_62371,Municipality,Givenchy-en-Gohelle,2279,0,1657,0.8654194474220276,0.2839943468570709
M_59117,Municipality,Bugnicourt,1998,0,741,0.8677462935447693,0.24881140887737274
P_62099_1,Precinct,Beaurains,2194,1,616,0.8522727489471436,0.3725868761539459
M_59354,Municipality,Loffre,2070,1,622,0.8713826537132263,0.2627599239349365
P_62737_2,Precinct,Sains-en-Gohelle,2267,1,1003,0.7218344807624817,0.3698435425758362
M_62753,Municipality,Saint-Laurent-Blangy,2269,1,4716,0.8093723654747009,0.31984999775886536
P_62737_1,Precinct,Sains-en-Gohelle,2267,1,1264,0.7412974834442139,0.2996706962585449
M_62369,Municipality,Gavrelle,2279,1,429,0.9184148907661438,0.2020997405052185
M_62865,Municipality,Vitry-en-Artois,2280,1,3565,0.8277699947357178,0.2673815190792084
M_62627,Municipality,Noyelles-sous-Bellonne,2280,1,617,0.867098867893219,0.26185959577560425
P_62004_4,Precinct,Achicourt,2194,1,889,0.761529803276062,0.3580060303211212
M_59244,Municipality,Fontaine-Notre-Dame,2010,1,1298,0.840523898601532,0.2605435848236084
P_59291_1,Precinct,Hautmont,2042,1,1342,0.6691505312919617,0.26741573214530945
M_59064,Municipality,Bellaing,2106,1,932,0.8315450549125671,0.2664042115211487
P_62119_13,Precinct,Béthune,2220,1,1037,0.6624879240989685,0.3593519926071167
P_62041_15,Precinct,Arras,2199,1,647,0.6476043462753296,0.4914425313472748
P_62119_17,Precinct,Béthune,2220,0,1041,0.7050912380218506,0.30290457606315613
P_59291_5,Precinct,Hautmont,2042,1,999,0.6686686873435974,0.3429878056049347
M_59122,Municipality,Cambrai,2010,1,23001,0.726055383682251,0.27559006214141846
M_59280,Municipality,Hamel,1998,1,607,0.8846787214279175,0.23818525671958923
M_59115,Municipality,Brunémont,1998,1,500,0.8659999966621399,0.2611764669418335
M_62042,Municipality,Athies,2269,1,792,0.8560606241226196,0.3007633686065674
P_62099_4,Precinct,Beaurains,2194,1,643,0.8351477384567261,0.3579545319080353
P_59569_10,Precinct,Sin-le-Noble,2094,1,1104,0.7672101259231567,0.31386861205101013
P_59291_9,Precinct,Hautmont,2042,1,1119,0.6782841682434082,0.30758988857269287
M_62331,Municipality,Feuchy,2269,1,863,0.8435689210891724,0.3152022361755371
P_62041_11,Precinct,Arras,2199,0,618,0.745954692363739,0.3683035671710968
M_62825,Municipality,Tortequesne,2280,1,549,0.8542805314064026,0.2709677517414093
P_62119_19,Precinct,Béthune,2220,1,793,0.7868852615356445,0.3366013169288635
P_62041_12,Precinct,Arras,2200,1,601,0.780366063117981,0.3311828076839447
M_54425,Municipality,Piennes,1833,1,1709,0.7448800206184387,0.3008778989315033
M_88280,Municipality,Madegney,3288,0,85,0.9176470637321472,0.23076923191547394
M_88134,Municipality,Dinozé,3275,1,404,0.8688119053840637,0.2732558250427246
M_57596,Municipality,Rosbruck,1938,0,609,0.7274219989776611,0.17123287916183472
M_88304,Municipality,Mirecourt,3279,1,3753,0.7490007877349854,0.2968185245990753
P_88530_1,Precinct,Xertigny,3293,1,831,0.7653429508209229,0.21382637321949005
M_54076,Municipality,Blainville-sur-l'Eau,1813,0,3109,0.7671276926994324,0.3161042332649231
P_54323_4,Precinct,Longwy,1830,1,1023,0.7487781047821045,0.3342210352420807
M_57304,Municipality,Haut-Clocher,1967,0,268,0.8320895433425903,0.1409090906381607
M_57621,Municipality,Saint-Médard,1930,1,96,0.7291666865348816,0.23529411852359772
P_54395_52,Precinct,Nancy,1839,0,770,0.6376623511314392,0.4377593398094177
M_57073,Municipality,Betting,1938,1,669,0.847533643245697,0.16337522864341736
M_88523,Municipality,Vouxey,3271,0,134,0.8507462739944458,0.2432432472705841
M_54397,Municipality,Neuves-Maisons,1841,0,4977,0.7809925675392151,0.3109772205352783
M_54482,Municipality,Saint-Max,1846,1,7356,0.758292555809021,0.29080983996391296
P_54580_1,Precinct,Villerupt,1853,1,948,0.7130801677703857,0.27204781770706177
M_54092,Municipality,Bouzanville,1835,1,57,0.8070175647735596,0.3478260934352875
P_88530_3,Precinct,Xertigny,3293,1,179,0.8491619825363159,0.15131579339504242
M_54540,Municipality,Val-et-Châtillon,1835,1,533,0.7485928535461426,0.31979694962501526
M_57706,Municipality,Vergaville,1930,1,439,0.8473803997039795,0.2403314858675003
M_54108,Municipality,Burthecourt-aux-Chênes,1847,1,91,0.9120879173278809,0.24390244483947754
P_54395_22,Precinct,Nancy,1840,0,1108,0.7220216393470764,0.35868188738822937
P_54039_1,Precinct,Baccarat,1811,1,635,0.7244094610214233,0.20219780504703522
M_54261,Municipality,Herserange,1833,1,2531,0.7020940184593201,0.3009708821773529
M_88062,Municipality,Blevaincourt,3288,1,103,0.708737850189209,0.3239436745643616
M_88069,Municipality,Bouxières-aux-Bois,3274,1,111,0.9009009003639221,0.23711340129375458
M_88327,Municipality,Nomexy,3290,1,1631,0.8074800968170166,0.29976579546928406
P_54115_1,Precinct,Champigneulles,1816,1,719,0.8052850961685181,0.27368420362472534
M_54152,Municipality,Damelevières,1813,1,2423,0.8514238595962524,0.2776957154273987
M_54037,Municipality,Azelot,1847,1,317,0.8706624507904053,0.2654545307159424
M_54110,Municipality,Cerville,1845,1,448,0.9084821343421936,0.2199999988079071
M_54345,Municipality,Manoncourt-en-Vermois,1847,0,214,0.8971962332725525,0.21276596188545227
M_57591,Municipality,Rombas,1964,1,6564,0.7547227144241333,0.3179950714111328
M_54149,Municipality,Crusnes,1834,1,1194,0.7596315145492554,0.2836322784423828
M_57126,Municipality,Chambrey,1925,0,282,0.8546099066734314,0.2510460317134857
M_88522,Municipality,Vomécourt-sur-Madon,3279,1,52,0.9230769276618958,0.15217390656471252
M_54028,Municipality,Auboué,1835,0,1879,0.7727514505386353,0.3767507076263428
M_88132,Municipality,Deyvillers,3275,1,1139,0.8691834807395935,0.2748962640762329
M_57630,Municipality,Sarrebourg,1967,1,7876,0.764728307723999,0.21779660880565643
M_88488,Municipality,Valfroicourt,3274,1,203,0.871921181678772,0.2586206793785095
P_57463_29,Precinct,Metz,1956,1,843,0.7236061692237854,0.3067993223667145
M_57625,Municipality,Salonnes,1925,1,135,0.8074073791503906,0.17142857611179352
P_57463_10,Precinct,Metz,1954,1,650,0.5723077058792114,0.38211381435394287
M_57645,Municipality,Semécourt,1952,1,728,0.8626373410224915,0.25884243845939636
M_88354,Municipality,Pont-sur-Madon,3279,0,103,0.9417475461959839,0.24731183052062988
M_88210,Municipality,Gorhey,3274,0,130,0.8461538553237915,0.1682243049144745
P_54323_6,Precinct,Longwy,1830,0,950,0.6831579208374023,0.3928012549877167
M_88057,Municipality,Le Beulay,3290,0,93,0.8279569745063782,0.4933333396911621
P_54115_5,Precinct,Champigneulles,1816,1,899,0.791991114616394,0.29571428894996643
M_57303,Municipality,Hauconcourt,1952,1,423,0.8037825226783752,0.25525525212287903
P_54395_11,Precinct,Nancy,1840,1,772,0.7474093437194824,0.3199300765991211
M_54391,Municipality,Moutiers,1835,1,1375,0.7941818237304688,0.364738792181015
P_54039_3,Precinct,Baccarat,1811,1,947,0.8152059316635132,0.26517149806022644
M_57543,Municipality,Pierrevillers,1964,1,1114,0.853680431842804,0.29474812746047974
M_88241,Municipality,Houécourt,3271,1,317,0.85173499584198,0.30980393290519714
P_57463_12,Precinct,Metz,1954,1,779,0.6328626275062561,0.34090909361839294
M_57724,Municipality,Vitry-sur-Orne,1964,1,2025,0.8093827366828918,0.26361384987831116
M_57061,Municipality,Béning-lès-Saint-Avold,1938,1,1049,0.7492850422859192,0.2049286663532257
M_54483,Municipality,Saint-Nicolas-de-Port,1847,1,5372,0.786485493183136,0.2629300057888031
M_57240,Municipality,Freyming-Merlebach,1938,1,9163,0.7354578375816345,0.25184738636016846
P_57463_16,Precinct,Metz,1956,1,1105,0.6950226426124573,0.3211009204387665
M_54536,Municipality,Tucquegnieux,1833,1,2230,0.7560538053512573,0.3099099099636078
M_54321,Municipality,Longlaville,1834,1,1484,0.7405660152435303,0.32749077677726746
M_88390,Municipality,Robécourt,3290,1,111,0.7117117047309875,0.1265822798013687
M_54352,Municipality,Maron,1841,1,665,0.8526315689086914,0.2998204529285431
M_54439,Municipality,Pulnoy,1845,0,3686,0.817688524723053,0.28595542907714844
P_54323_9,Precinct,Longwy,1830,1,805,0.7726708054542542,0.3181076645851135
M_54111,Municipality,Chaligny,1841,1,2245,0.8218262791633606,0.3160792887210846
P_54395_25,Precinct,Nancy,1839,1,862,0.6774942278862,0.421875
P_54395_3,Precinct,Nancy,1839,1,1137,0.6772207617759705,0.3451443612575531
M_57247,Municipality,Gerbécourt,1925,1,97,0.8556700944900513,0.22891566157341003
P_54115_2,Precinct,Champigneulles,1816,1,723,0.8243430256843567,0.3587140440940857
M_54359,Municipality,Méhoncourt,1813,1,186,0.8172042965888977,0.22368420660495758
P_54115_6,Precinct,Champigneulles,1816,1,772,0.6761658191680908,0.3287937641143799
M_54284,Municipality,Joudreville,1834,0,872,0.7534403800964355,0.29211747646331787
M_88120,Municipality,La Croix-aux-Mines,3289,1,456,0.7982456088066101,0.2124645859003067
M_57144,Municipality,Cocheren,1938,1,2688,0.7842261791229248,0.2501216530799866
P_54039_4,Precinct,Baccarat,1811,1,839,0.754469633102417,0.2532051205635071
P_54323_3,Precinct,Longwy,1830,1,784,0.6772959232330322,0.35114502906799316
M_57133,Municipality,Château-Voué,1925,1,98,0.8571428656578064,0.22891566157341003
M_88160,Municipality,Epinal,3275,1,21229,0.7732818126678467,0.3169942796230316
M_54165,Municipality,Dommartemont,1846,1,557,0.8563734292984009,0.19703389704227448
P_54039_2,Precinct,Baccarat,1811,1,673,0.8216938972473145,0.2705667316913605
M_88347,Municipality,Pierrefitte,3274,1,86,0.8837209343910217,0.2631579041481018
M_57344,Municipality,Imling,1967,1,589,0.7894737124443054,0.13626374304294586
M_57268,Municipality,Guébling,1930,0,132,0.6742424368858337,0.14942528307437897
M_57119,Municipality,Buhl-Lorraine,1967,1,861,0.8432055711746216,0.1671348363161087
M_54572,Municipality,Ville-Houdlémont,1834,1,390,0.7256410121917725,0.2862190902233124
M_54521,Municipality,Thil,1833,0,1176,0.740646243095398,0.2677532136440277
P_57463_62,Precinct,Metz,1956,0,944,0.6472457647323608,0.3488371968269348
P_57463_68,Precinct,Metz,1956,1,801,0.6392009854316711,0.3976377844810486
P_57463_27,Precinct,Metz,1955,1,1066,0.5797373652458191,0.3731343150138855
P_54323_8,Precinct,Longwy,1830,1,934,0.6948608160018921,0.31152647733688354
M_57180,Municipality,Dolving,1967,1,270,0.8481481671333313,0.1629955917596817
M_54257,Municipality,Heillecourt,1823,0,4880,0.818647563457489,0.28136110305786133
M_88193,Municipality,Gemaingoutte,3289,1,122,0.7704917788505554,0.22826087474822998
P_54395_27,Precinct,Nancy,1840,1,1006,0.7316103577613831,0.31172412633895874
M_54383,Municipality,Mont-sur-Meurthe,1813,1,795,0.8654087781906128,0.269345223903656
P_57463_6,Precinct,Metz,1954,1,727,0.5474553108215332,0.3212435245513916
M_54362,Municipality,Mercy-le-Bas,1834,1,1036,0.7490347623825073,0.3124183118343353
M_54495,Municipality,Saulxures-lès-Nancy,1845,1,3243,0.8384212255477905,0.25410446524620056
P_57463_66,Precinct,Metz,1955,1,789,0.5931559205055237,0.41521739959716797
M_54095,Municipality,Bratte,1833,1,28,0.8928571343421936,0.125
P_54580_7,Precinct,Villerupt,1853,1,857,0.7654609084129333,0.26656395196914673
P_54580_5,Precinct,Villerupt,1853,1,765,0.8091503381729126,0.3197389841079712
M_57177,Municipality,Dieuze,1930,1,2020,0.7831683158874512,0.21870967745780945
M_88319,Municipality,Moyenmoutier,3289,1,2495,0.7771543264389038,0.22140221297740936
M_88206,Municipality,Gironcourt-sur-Vraine,3271,1,667,0.8590704798698425,0.28445228934288025
M_88014,Municipality,Arrentès-de-Corcieux,3290,1,164,0.8597561120986938,0.2246376872062683
P_54395_4,Precinct,Nancy,1840,1,830,0.6927710771560669,0.3462214469909668
P_57463_61,Precinct,Metz,1955,0,1113,0.5956873297691345,0.3843797743320465
P_88530_2,Precinct,Xertigny,3293,0,659,0.8315629959106445,0.16201117634773254
M_88105,Municipality,Claudon,3288,1,215,0.8279069662094116,0.22093023359775543
M_54527,Municipality,Tonnoy,1847,1,548,0.8704379796981812,0.2394067794084549
M_54265,Municipality,Houdemont,1823,1,2004,0.8273453116416931,0.3186274468898773
M_57211,Municipality,Fèves,1952,1,711,0.8790435791015625,0.25487011671066284
M_88218,Municipality,Granges-sur-Vologne,3289,1,1778,0.7800899744033813,0.21845018863677979
M_57132,Municipality,Château-Salins,1925,1,1666,0.8007202744483948,0.2195121943950653
M_88087,Municipality,Chantraine,3275,0,2658,0.7934537529945374,0.2879807651042938
M_88254,Municipality,Jorxey,3279,1,79,0.8860759735107422,0.20588235557079315
P_54580_4,Precinct,Villerupt,1853,1,879,0.7940841913223267,0.30377906560897827
M_57433,Municipality,Maizières-lès-Metz,1952,1,7795,0.7878127098083496,0.3293690085411072
P_54547_7,Precinct,Vandoeuvre-lès-Nancy,1851,0,623,0.7383627891540527,0.3818984627723694
M_54560,Municipality,Veney,1835,1,48,0.8541666865348816,0.15789473056793213
P_57463_64,Precinct,Metz,1954,0,1037,0.4484088718891144,0.5371178984642029
P_57463_17,Precinct,Metz,1955,1,1129,0.7085916996002197,0.3528662323951721
P_88530_5,Precinct,Xertigny,3293,1,159,0.8427672982215881,0.1782945692539215
P_54547_4,Precinct,Vandoeuvre-lès-Nancy,1851,1,693,0.6868686676025391,0.48414376378059387
M_88179,Municipality,Fouchécourt,3288,1,51,0.9215686321258545,0.38297873735427856
P_54547_17,Precinct,Vandoeuvre-lès-Nancy,1851,1,889,0.722159743309021,0.4574132561683655
M_88404,Municipality,Rozières-sur-Mouzon,3288,1,69,0.7971014380455017,0.38181817531585693
M_57098,Municipality,Bourgaltroff,1930,1,206,0.8106796145439148,0.16867469251155853
M_88096,Municipality,Châtillon-sur-Saône,3289,0,129,0.7829457521438599,0.378947377204895
P_57463_63,Precinct,Metz,1954,1,1138,0.6107205748558044,0.4970930218696594
M_88095,Municipality,Châtenois,3271,1,1165,0.8300428986549377,0.30083855986595154
M_54175,Municipality,Einvaux,1813,1,258,0.8023256063461304,0.2341463416814804
P_54395_53,Precinct,Nancy,1839,1,710,0.5690140724182129,0.513853907585144
M_88136,Municipality,Dogneville,3275,1,1206,0.8640132546424866,0.2935420870780945
P_54115_4,Precinct,Champigneulles,1816,0,900,0.8244444727897644,0.325549453496933
M_88139,Municipality,Dombasle-en-Xaintois,3279,1,104,0.817307710647583,0.2804878056049347
M_88324,Municipality,La Neuveville-sous-Châtenois,3271,1,264,0.8636363744735718,0.2991071343421936
P_54395_54,Precinct,Nancy,1839,1,909,0.5632563233375549,0.5320000052452087
P_54395_5,Precinct,Nancy,1840,1,775,0.7419354915618896,0.3462897539138794
P_54580_6,Precinct,Villerupt,1853,0,759,0.791831374168396,0.311557799577713
P_57463_1,Precinct,Metz,1956,1,1172,0.7329351305961609,0.31220656633377075
M_57143,Municipality,Clouange,1964,1,2624,0.7393292784690857,0.2921052575111389
P_57463_28,Precinct,Metz,1955,1,925,0.616216242313385,0.35115864872932434
P_54547_8,Precinct,Vandoeuvre-lès-Nancy,1851,1,729,0.7777777910232544,0.40747329592704773
M_88314,Municipality,Morizécourt,3290,1,130,0.7461538314819336,0.19587628543376923
M_54123,Municipality,Chavigny,1841,1,1257,0.8591885566711426,0.3099250793457031
M_88499,Municipality,Velotte-et-Tatignécourt,3274,1,130,0.8692307472229004,0.2454545497894287
P_68315_1,Precinct,Soultz-Haut-Rhin,2512,1,1007,0.8480635285377502,0.23409363627433777
P_68256_3,Precinct,Pfastatt,2504,0,1104,0.7445651888847351,0.25217390060424805
P_68224_41,Precinct,Mulhouse,2500,0,1040,0.5942307710647583,0.4800664484500885
M_68231,Municipality,Neuf-Brisach,2516,1,1158,0.7884283065795898,0.19217877089977264
P_68149_3,Precinct,Huningue,2491,1,921,0.7741585373878479,0.20144927501678467
P_67482_616,Precinct,Strasbourg,2468,1,1334,0.7008995413780212,0.45543476939201355
P_67482_208,Precinct,Strasbourg,2468,1,1346,0.7622585296630859,0.39566928148269653
P_68224_43,Precinct,Mulhouse,2501,1,1082,0.6672828197479248,0.3380481004714966
P_67482_1001,Precinct,Strasbourg,2466,0,1291,0.6088303923606873,0.4437340199947357
P_67482_613,Precinct,Strasbourg,2467,1,795,0.701886773109436,0.44262295961380005
M_67309,Municipality,Mundolsheim,2453,1,4033,0.8321349024772644,0.21678321063518524
P_67482_1007,Precinct,Strasbourg,2468,1,879,0.6723549365997314,0.3668941855430603
M_68130,Municipality,Heiteren,2516,1,706,0.8130311369895935,0.12792792916297913
P_68224_37,Precinct,Mulhouse,2501,1,1019,0.6800785064697266,0.37147101759910583
M_68283,Municipality,Rombach-le-Franc,2488,1,687,0.7903929948806763,0.16231343150138855
P_67482_714,Precinct,Strasbourg,2468,0,865,0.6994219422340393,0.4595959484577179
P_68256_4,Precinct,Pfastatt,2504,1,968,0.7252066135406494,0.20408163964748383
M_68058,Municipality,Buhl,2488,0,2527,0.7467352747917175,0.18864865601062775
P_68269_4,Precinct,Ribeauvillé,2506,1,975,0.7774358987808228,0.15909090638160706
P_67482_1004,Precinct,Strasbourg,2466,1,1209,0.6029776930809021,0.43454039096832275
P_67482_205,Precinct,Strasbourg,2469,0,947,0.7940865755081177,0.34986594319343567
P_68149_1,Precinct,Huningue,2491,1,895,0.645810067653656,0.22942206263542175
P_68256_5,Precinct,Pfastatt,2504,1,1004,0.7390438318252563,0.20637118816375732
P_68149_2,Precinct,Huningue,2491,1,1182,0.7707275748252869,0.2519596815109253
M_68199,Municipality,Malmerspach,2488,1,402,0.8283582329750061,0.1871165633201599
M_67256,Municipality,Lampertheim,2453,1,2487,0.8275030255317688,0.16248153150081635
P_68256_6,Precinct,Pfastatt,2504,1,864,0.71875,0.24177631735801697
P_67482_614,Precinct,Strasbourg,2466,1,1171,0.6345004439353943,0.5409836173057556
P_67447_14,Precinct,Schiltigheim,2462,1,1121,0.6565566658973694,0.4889807105064392
P_67482_615,Precinct,Strasbourg,2467,1,1214,0.6680395603179932,0.521847665309906
P_67482_604,Precinct,Strasbourg,2466,1,991,0.6659939289093018,0.5061162114143372
P_68149_4,Precinct,Huningue,2491,1,1041,0.7953890562057495,0.23616236448287964
P_67482_201,Precinct,Strasbourg,2469,1,818,0.7921760678291321,0.3488371968269348
P_67482_618,Precinct,Strasbourg,2469,1,861,0.6759582161903381,0.4991273880004883
P_67447_4,Precinct,Schiltigheim,2462,1,1079,0.7182576656341553,0.28947368264198303
P_68269_2,Precinct,Ribeauvillé,2506,1,951,0.8222923278808594,0.14882506430149078
P_68224_59,Precinct,Mulhouse,2501,1,1047,0.6246418356895447,0.35555556416511536
P_68224_17,Precinct,Mulhouse,2501,0,728,0.6277472376823425,0.3870967626571655
M_68351,Municipality,Vogelgrun,2516,1,406,0.8300492763519287,0.12912912666797638
P_68224_20,Precinct,Mulhouse,2500,1,1078,0.6011132001876831,0.4197138249874115
M_68185,Municipality,Lièpvre,2488,1,1344,0.824404776096344,0.21654275059700012
P_67447_15,Precinct,Schiltigheim,2462,1,1586,0.7131147384643555,0.37142857909202576
P_67482_1005,Precinct,Strasbourg,2467,1,1100,0.6190909147262573,0.522455096244812
M_68352,Municipality,Volgelsheim,2516,1,1500,0.7606666684150696,0.21169176697731018
P_68315_3,Precinct,Soultz-Haut-Rhin,2512,1,1046,0.8097514510154724,0.1927710771560669
P_68315_4,Precinct,Soultz-Haut-Rhin,2512,1,1478,0.8044654726982117,0.21848013997077942
P_67482_611,Precinct,Strasbourg,2467,1,1311,0.6552250385284424,0.5632458329200745
P_68294_2,Precinct,Sainte-Croix-aux-Mines,2509,1,757,0.7516512274742126,0.1621621549129486
M_68036,Municipality,Biesheim,2516,0,1724,0.7929234504699707,0.1882970780134201
P_68224_25,Precinct,Mulhouse,2501,1,566,0.6431095600128174,0.4119318127632141
P_67482_910,Precinct,Strasbourg,2466,1,1416,0.6786723136901855,0.48250263929367065
P_67482_707,Precinct,Strasbourg,2469,1,1024,0.6748046875,0.43529412150382996
P_68315_2,Precinct,Soultz-Haut-Rhin,2512,1,1223,0.7882256507873535,0.23789474368095398
P_68224_58,Precinct,Mulhouse,2500,1,932,0.5740343332290649,0.4769230782985687
P_68269_1,Precinct,Ribeauvillé,2506,1,935,0.8278074860572815,0.1281708925962448
M_68321,Municipality,Staffelfelden,2488,1,2932,0.792974054813385,0.22474858164787292
P_68269_3,Precinct,Ribeauvillé,2506,0,704,0.8139204382896423,0.14901256561279297
P_67482_908,Precinct,Strasbourg,2468,1,968,0.68388432264328,0.5403348803520203
P_67482_603,Precinct,Strasbourg,2467,0,1000,0.6349999904632568,0.587579607963562
P_67447_2,Precinct,Schiltigheim,2462,1,1403,0.7327156066894531,0.34679803252220154
P_68224_21,Precinct,Mulhouse,2500,1,1071,0.6125116944313049,0.3931357264518738
P_67482_508,Precinct,Strasbourg,2469,1,1318,0.6972686052322388,0.40489432215690613
P_67447_6,Precinct,Schiltigheim,2462,0,1251,0.6898481249809265,0.27561837434768677
P_39198_3,Precinct,Dole,1334,1,857,0.6931155323982239,0.28082191944122314
P_39300_4,Precinct,Lons-le-Saunier,1341,1,1759,0.6725412011146545,0.3781009316444397
M_90097,Municipality,Trévenans,3319,1,917,0.8375136256217957,0.20822280645370483
P_25388_F21,Precinct,Montbéliard,710,0,710,0.6450704336166382,0.49778762459754944
M_25315,Municipality,L'Isle-sur-le-Doubs,706,0,2049,0.8677403330802917,0.2926969528198242
M_70484,Municipality,Secenans,2591,1,120,0.9166666865348816,0.3486238420009613
M_25372,Municipality,Médière,706,1,231,0.8441558480262756,0.21989528834819794
M_70285,Municipality,Héricourt,2591,1,7149,0.8062666058540344,0.31261134147644043
M_25264,Municipality,Gémonval,706,1,65,0.9230769276618958,0.33898305892944336
P_70528_1,Precinct,Velesmes-Echevanne,2587,0,348,0.8620689511299133,0.2184300273656845
M_70182,Municipality,Courmont,2591,1,82,0.8170731663703918,0.25757575035095215
M_70276,Municipality,Granges-la-Ville,2591,0,164,0.7743902206420898,0.25600001215934753
P_25462_8,Precinct,Pontarlier,718,1,967,0.7507755756378174,0.2695530652999878
M_90001,Municipality,Andelnans,3319,1,1001,0.8401598334312439,0.2472858875989914
P_25462_2,Precinct,Pontarlier,718,1,962,0.777546763420105,0.25102320313453674
P_70311_4,Precinct,Luxeuil-les-Bains,2595,1,1187,0.731255292892456,0.24880382418632507
M_70288,Municipality,Hyet,2598,1,71,0.9577465057373047,0.34328359365463257
P_70550_10,Precinct,Vesoul,2600,1,658,0.6793313026428223,0.30324074625968933
P_25388_C21,Precinct,Montbéliard,710,1,515,0.7165048718452454,0.3729281723499298
P_39300_2,Precinct,Lons-le-Saunier,1341,1,1422,0.7376933693885803,0.2787524461746216
M_70488,Municipality,Senoncourt,2585,0,185,0.8918918967247009,0.2278480976819992
M_70427,Municipality,Purgerot,2585,1,322,0.8478260636329651,0.38721805810928345
M_90068,Municipality,Meroux,3319,0,641,0.823712944984436,0.2667946219444275
M_90093,Municipality,Sermamagny,3323,1,682,0.8445748090744019,0.22982455790042877
P_39198_13,Precinct,Dole,1334,0,1043,0.7996165156364441,0.3121951222419739
P_70550_2,Precinct,Vesoul,2600,0,870,0.7413793206214905,0.2888889014720917
P_70550_14,Precinct,Vesoul,2600,1,850,0.677647054195404,0.548561155796051
M_90029,Municipality,Cravanche,3323,1,1467,0.809134304523468,0.26775020360946655
M_70494,Municipality,Sornay,2596,1,234,0.8760683536529541,0.22439023852348328
M_70457,Municipality,Rupt-sur-Saône,2590,1,122,0.7786885499954224,0.21052631735801697
M_70064,Municipality,Belverne,2591,1,122,0.8196721076965332,0.2886597812175751
P_70311_5,Precinct,Luxeuil-les-Bains,2595,1,501,0.7704590559005737,0.3786666691303253
M_70507,Municipality,Trésilley,2598,1,155,0.8129032254219055,0.23333333432674408
P_70550_6,Precinct,Vesoul,2600,1,727,0.7757909297943115,0.3593466281890869
M_90045,Municipality,Fêche-l'Eglise,3320,0,557,0.850987434387207,0.2380952388048172
M_70056,Municipality,Baulay,2585,1,271,0.76752769947052,0.28155338764190674
P_25462_9,Precinct,Pontarlier,718,0,1134,0.7680776119232178,0.23231132328510284
P_39198_9,Precinct,Dole,1334,1,949,0.5763962268829346,0.474766343832016
M_70150,Municipality,Chenevrey-et-Morogne,2596,0,188,0.8829787373542786,0.20624999701976776
M_90033,Municipality,Delle,3320,1,3941,0.7739152312278748,0.3091641366481781
M_70193,Municipality,Cult,2596,1,168,0.9047619104385376,0.2715231776237488
P_39300_7,Precinct,Lons-le-Saunier,1341,1,1702,0.7455934286117554,0.2787148654460907
M_70200,Municipality,Dampvalley-Saint-Pancras,2589,1,43,0.6976743936538696,0.27586206793785095
M_70256,Municipality,Fresse,2590,0,614,0.8045602440834045,0.24897119402885437
M_90009,Municipality,Beaucourt,3317,1,3763,0.7743821144104004,0.2988748252391815
M_70335,Municipality,Maussans,2589,1,70,0.8714285492897034,0.36206895112991333
M_70075,Municipality,Bonboillon,2596,1,135,0.8370370268821716,0.22727273404598236
P_25388_F11,Precinct,Montbéliard,710,1,683,0.7203513979911804,0.4520833194255829
M_25005,Municipality,Accolans,706,1,82,0.8048780560493469,0.3484848439693451
M_70405,Municipality,Pennesières,2598,1,150,0.8199999928474426,0.30000001192092896
P_70550_12,Precinct,Vesoul,2600,1,782,0.7774935960769653,0.41525423526763916
M_90099,Municipality,Valdoie,3323,1,3537,0.8329092264175415,0.2824878394603729
M_70202,Municipality,Demangevelle,2589,0,302,0.8145695328712463,0.3292181193828583
M_70095,Municipality,Breurey-lès-Faverney,2585,1,453,0.8300220966339111,0.23626373708248138
P_25388_E31,Precinct,Montbéliard,710,1,832,0.7475961446762085,0.4271685779094696
M_70118,Municipality,Chambornay-lès-Bellevaux,2598,1,136,0.904411792755127,0.2521008551120758
P_25462_4,Precinct,Pontarlier,718,1,1125,0.7511110901832581,0.314769983291626
M_70339,Municipality,Mélisey,2590,1,1442,0.8023578524589539,0.31971579790115356
M_70137,Municipality,Chassey-lès-Montbozon,2590,1,172,0.8662790656089783,0.30136987566947937
M_90032,Municipality,Danjoutin,3319,1,2311,0.8143661022186279,0.26227739453315735
M_90037,Municipality,Eloie,3323,1,773,0.8551099896430969,0.2596599757671356
M_90025,Municipality,Chavannes-les-Grands,3320,1,272,0.7904411554336548,0.15492957830429077
M_90064,Municipality,Lepuix-Neuf,3320,1,208,0.7740384340286255,0.2675159275531769
M_70308,Municipality,La Longine,2589,1,228,0.7675438523292542,0.33529412746429443
M_90075,Municipality,Offemont,3323,0,2654,0.7351167798042297,0.31126174330711365
P_39300_1,Precinct,Lons-le-Saunier,1341,0,1183,0.7134404182434082,0.23141486942768097
P_39198_16,Precinct,Dole,1334,1,563,0.7957371473312378,0.290909081697464
P_70311_3,Precinct,Luxeuil-les-Bains,2595,1,883,0.7361268401145935,0.2678288519382477
M_25479,Municipality,Rang,706,1,309,0.8673139214515686,0.2981131970882416
M_90070,Municipality,Montbouton,3317,1,313,0.8817891478538513,0.2537313401699066
P_39300_5,Precinct,Lons-le-Saunier,1341,1,1570,0.7044585943222046,0.29406309127807617
M_90027,Municipality,Courcelles,3320,1,108,0.8240740895271301,0.20930232107639313
M_90035,Municipality,Dorans,3319,1,475,0.8231579065322876,0.2703412175178528
P_39198_18,Precinct,Dole,1334,1,845,0.7846153974533081,0.321928471326828
M_70355,Municipality,Montarlot-lès-Rioz,2598,0,176,0.8863636255264282,0.21153846383094788
P_25462_1,Precinct,Pontarlier,718,1,992,0.7046371102333069,0.23279649019241333
M_70451,Municipality,Ronchamp,2589,1,2211,0.7688828706741333,0.30885007977485657
P_70311_2,Precinct,Luxeuil-les-Bains,2595,1,1006,0.7137176990509033,0.3960113823413849
M_70296,Municipality,Larians-et-Munans,2590,1,193,0.7357512712478638,0.2374100685119629
M_70334,Municipality,Marnay,2596,1,1047,0.8357211351394653,0.24709977209568024
M_70472,Municipality,Saint-Remy,2585,1,232,0.8534482717514038,0.2395833283662796
P_44120_1,Precinct,Le Pellerin,1532,1,1191,0.8564231991767883,0.33832335472106934
P_53130_17,Precinct,Laval,1799,1,1078,0.7523190975189209,0.4337957203388214
M_72282,Municipality,Saint-Georges-le-Gaultier,2684,1,396,0.7979797720909119,0.21794871985912323
P_49099_28,Precinct,Cholet,1655,1,1061,0.7813383340835571,0.378078818321228
M_49186,Municipality,Luigné,1650,1,189,0.9259259104728699,0.2235294133424759
P_49331_4,Precinct,Segré,1683,0,908,0.8050661087036133,0.3295932710170746
M_72016,Municipality,Auvers-le-Hamon,2686,0,1157,0.8012100458145142,0.20421753823757172
M_44159,Municipality,Saint-Fiacre-sur-Maine,1496,1,909,0.8998900055885315,0.3067331612110138
M_85027,Municipality,Boufféré,3192,1,2048,0.89697265625,0.25795644521713257
P_72181_67,Precinct,Le Mans,2674,1,1035,0.7004830837249756,0.3949224352836609
P_44109_517,Precinct,Nantes,1511,1,545,0.7045871615409851,0.48148149251937866
P_49328_3,Precinct,Saumur,1682,0,1036,0.7722007632255554,0.24071702361106873
P_49048_2,Precinct,Briollay,1686,0,1035,0.8637681007385254,0.25142207741737366
P_44102_1,Precinct,Montbert,1488,0,1050,0.8790476322174072,0.2684268355369568
M_49284,Municipality,Saint-Germain-des-Prés,1677,1,1003,0.8644067645072937,0.2614840865135193
M_53182,Municipality,Port-Brillet,1806,1,1302,0.8271889686584473,0.3362068831920624
P_44109_602,Precinct,Nantes,1513,1,751,0.73235684633255,0.40665435791015625
M_49115,Municipality,Coutures,1650,1,406,0.8743842244148254,0.3162393271923065
M_44156,Municipality,Corcoué-sur-Logne,1501,0,1799,0.8360199928283691,0.24674434959888458
P_44109_1102,Precinct,Nantes,1512,1,960,0.7479166388511658,0.4316239356994629
P_44005_3,Precinct,Arthon-en-Retz,1539,0,1007,0.8649454116821289,0.23943662643432617
M_72019,Municipality,Avessé,2685,1,286,0.8006992936134338,0.16289593279361725
P_85092_9,Precinct,Fontenay-le-Comte,3177,0,745,0.8228188157081604,0.2996688783168793
P_44109_318,Precinct,Nantes,1510,1,744,0.7943548560142517,0.4105621874332428
P_44026_5,Precinct,Carquefou,1483,1,833,0.8559423685073853,0.343304842710495
P_44109_220,Precinct,Nantes,1508,1,922,0.660520613193512,0.5100671052932739
M_44070,Municipality,La Haie-Fouassière,1496,1,3280,0.8713414669036865,0.3414112627506256
M_72170,Municipality,Louvigny,2679,1,133,0.8872180581092834,0.1367521435022354
P_44109_909,Precinct,Nantes,1508,1,675,0.6814814805984497,0.5831485390663147
P_49328_1,Precinct,Saumur,1682,1,1058,0.7504726052284241,0.24487179517745972
P_44190_13,Precinct,Saint-Sébastien-sur-Loire,1540,1,1051,0.8629876375198364,0.3731679916381836
P_44184_36,Precinct,Saint-Nazaire,1535,1,920,0.772826075553894,0.39255014061927795
P_44026_1,Precinct,Carquefou,1483,1,943,0.8451749682426453,0.3740359842777252
M_44089,Municipality,Malville,1543,1,2256,0.873670220375061,0.33057424426078796
P_44109_221,Precinct,Nantes,1509,1,1303,0.7283192873001099,0.48279568552970886
P_49331_3,Precinct,Segré,1683,1,1018,0.78487229347229,0.2618741989135742
P_44109_302,Precinct,Nantes,1512,1,793,0.7931904196739197,0.3662884831428528
P_49048_1,Precinct,Briollay,1686,1,1069,0.8512628674507141,0.28331467509269714
P_49099_24,Precinct,Cholet,1655,1,889,0.7446569204330444,0.3579109013080597
M_72228,Municipality,Parcé-sur-Sarthe,2686,1,1572,0.8346055746078491,0.25058186054229736
P_44184_27,Precinct,Saint-Nazaire,1535,1,966,0.7732919454574585,0.41677942872047424
P_44210_3,Precinct,Trignac,1545,1,1206,0.8349916934967041,0.38297873735427856
P_72181_58,Precinct,Le Mans,2674,1,854,0.665105402469635,0.36231884360313416
P_44109_801,Precinct,Nantes,1514,1,643,0.7573872208595276,0.4137214124202728
M_44098,Municipality,Missillac,1493,1,3457,0.8559444546699524,0.3171912729740143
M_49154,Municipality,Grézillé,1650,1,385,0.864935040473938,0.26851850748062134
P_44120_2,Precinct,Le Pellerin,1532,1,869,0.8906789422035217,0.36100131273269653
M_72385,Municipality,Yvré-le-Pôlin,2663,1,1428,0.8410364389419556,0.3071000874042511
P_72181_49,Precinct,Le Mans,2675,1,990,0.713131308555603,0.33875739574432373
P_44109_1111,Precinct,Nantes,1508,1,721,0.6490984559059143,0.5130434632301331
M_72072,Municipality,Château-l'Hermitage,2683,1,173,0.8612716794013977,0.3561643958091736
P_53130_1,Precinct,Laval,1799,1,659,0.6798179149627686,0.4288990795612335
M_85224,Municipality,Saint-Hilaire-de-Loulay,3192,0,3290,0.9051671624183655,0.24699828028678894
P_44190_2,Precinct,Saint-Sébastien-sur-Loire,1540,0,1160,0.8525862097740173,0.37832310795783997
P_44109_1101,Precinct,Nantes,1511,0,686,0.7551020383834839,0.4314115345478058
M_72252,Municipality,Requeil,2683,1,883,0.889014720916748,0.2792207896709442
P_53130_24,Precinct,Laval,1799,1,746,0.6997318863868713,0.42941176891326904
P_49347_1,Precinct,Tiercé,1686,1,1099,0.8489536046981812,0.24043716490268707
P_44005_1,Precinct,Arthon-en-Retz,1539,1,1107,0.8536585569381714,0.24078090488910675
P_49347_2,Precinct,Tiercé,1686,1,1017,0.8515241146087646,0.256740927696228
M_44088,Municipality,Maisdon-sur-Sèvre,1496,1,1938,0.8792569637298584,0.2964285612106323
M_49363,Municipality,Vauchrétien,1650,0,1169,0.8922155499458313,0.2914229929447174
M_44100,Municipality,Monnières,1496,1,1413,0.9058740139007568,0.2717825770378113
P_49214_6,Precinct,Montreuil-Juigné,1673,1,925,0.8789189457893372,0.38432836532592773
P_49353_6,Precinct,Trélazé,1687,1,1011,0.8209693431854248,0.4134969413280487
M_53169,Municipality,Olivet,1806,1,303,0.867986798286438,0.27131783962249756
P_44166_5,Precinct,Saint-Jean-de-Boiseau,1532,1,746,0.887399435043335,0.37770897150039673
P_44109_809,Precinct,Nantes,1514,1,793,0.75157630443573,0.43589743971824646
P_72181_35,Precinct,Le Mans,2676,1,963,0.7133956551551819,0.36404159665107727
P_72181_48,Precinct,Le Mans,2676,0,1055,0.757345974445343,0.3923566937446594
M_49028,Municipality,Béhuard,1677,1,121,0.8925619721412659,0.2710280418395996
P_44026_12,Precinct,Carquefou,1483,1,1369,0.8940832614898682,0.29900333285331726
M_85217,Municipality,Saint-Georges-de-Montaigu,3192,1,2859,0.8943686485290527,0.23052208125591278
P_49328_2,Precinct,Saumur,1682,1,1087,0.8371664881706238,0.17357222735881805
P_49331_2,Precinct,Segré,1683,1,909,0.8151814937591553,0.24546723067760468
P_44114_15,Precinct,Orvault,1517,0,861,0.7433217167854309,0.3914421498775482
M_72291,Municipality,Saint-Jean-de-la-Motte,2683,1,704,0.8607954382896423,0.23657718300819397
M_44168,Municipality,Saint-Joachim,1493,0,3150,0.8222222328186035,0.3806350529193878
M_44200,Municipality,Soulvache,1493,1,286,0.7832167744636536,0.290909081697464
P_72181_57,Precinct,Le Mans,2675,1,963,0.7030113935470581,0.37441498041152954
M_49071,Municipality,Chanzeaux,1679,1,820,0.8890243768692017,0.18387553095817566
M_49050,Municipality,Brissac-Quincé,1650,1,2112,0.8428030014038086,0.27560412883758545
M_72243,Municipality,Pontvallain,2683,0,1129,0.8635960817337036,0.28121721744537354
M_53039,Municipality,Le Bourgneuf-la-Forêt,1806,1,1286,0.8437014222145081,0.2281879186630249
M_49022,Municipality,Beaulieu-sur-Layon,1679,0,1003,0.9052841663360596,0.19796380400657654
P_44114_7,Precinct,Orvault,1517,1,775,0.7845161557197571,0.3912310302257538
M_44037,Municipality,Château-Thébaud,1496,0,2162,0.8626272082328796,0.2982456088066101
P_44109_308,Precinct,Nantes,1513,1,1132,0.814487636089325,0.4186813235282898
P_44109_514,Precinct,Nantes,1509,1,788,0.710659921169281,0.42934781312942505
M_72345,Municipality,Surfonds,2684,0,250,0.8920000195503235,0.3348837196826935
P_44210_1,Precinct,Trignac,1545,1,1037,0.7945998311042786,0.3774752616882324
M_44195,Municipality,Savenay,1543,1,5511,0.8434041142463684,0.34645670652389526
M_44033,Municipality,La Chapelle-Launay,1543,1,2132,0.8625703454017639,0.33296337723731995
P_44109_813,Precinct,Nantes,1509,0,732,0.693989098072052,0.4635627567768097
P_44005_2,Precinct,Arthon-en-Retz,1539,1,420,0.8999999761581421,0.22404371201992035
P_44109_908,Precinct,Nantes,1510,1,718,0.6532033681869507,0.4727668762207031
M_44019,Municipality,Bouée,1543,0,683,0.8169838786125183,0.3186813294887543
P_44184_11,Precinct,Saint-Nazaire,1536,1,935,0.7721925377845764,0.44923505187034607
P_44184_35,Precinct,Saint-Nazaire,1536,1,1175,0.7923403978347778,0.38318777084350586
P_44120_3,Precinct,Le Pellerin,1532,0,1151,0.8566464185714722,0.2907216548919678
P_44184_40,Precinct,Saint-Nazaire,1535,1,1031,0.7972841858863831,0.4039652943611145
P_44184_28,Precinct,Saint-Nazaire,1535,1,931,0.733619749546051,0.4065769910812378
P_49331_5,Precinct,Segré,1683,1,976,0.8032786846160889,0.37161290645599365
P_44109_706,Precinct,Nantes,1510,0,983,0.6592065095901489,0.46603477001190186
P_49347_3,Precinct,Tiercé,1686,1,1022,0.8776907920837402,0.2685714364051819
P_85092_8,Precinct,Fontenay-le-Comte,3177,1,771,0.7769131064414978,0.404436856508255
P_44136_2,Precinct,Préfailles,1498,1,634,0.8596214652061462,0.22693726420402527
P_44109_518,Precinct,Nantes,1512,0,655,0.714503824710846,0.46536797285079956
P_44109_516,Precinct,Nantes,1508,1,855,0.6432748436927795,0.5347985625267029
P_44102_2,Precinct,Montbert,1488,1,1117,0.8755595088005066,0.3034410774707794
P_44109_224,Precinct,Nantes,1513,1,817,0.7760097980499268,0.36102235317230225
P_44109_317,Precinct,Nantes,1513,1,754,0.790450930595398,0.4378194212913513
P_44109_511,Precinct,Nantes,1514,1,1157,0.7735522985458374,0.4051918685436249
M_44122,Municipality,Petit-Mars,1515,1,2463,0.872107207775116,0.28442972898483276
M_44110,Municipality,Nort-sur-Erdre,1515,1,5824,0.8602335453033447,0.3130081295967102
P_44109_710,Precinct,Nantes,1511,1,820,0.7012194991111755,0.48049646615982056
M_85146,Municipality,Montaigu,3192,1,3739,0.8325755596160889,0.26131147146224976
P_49099_4,Precinct,Cholet,1655,1,954,0.7714884877204895,0.4000000059604645
P_72181_65,Precinct,Le Mans,2675,1,876,0.732876718044281,0.3888888955116272
P_44061_1,Precinct,Frossay,1539,1,1129,0.8538529872894287,0.2716577649116516
P_49328_5,Precinct,Saumur,1682,1,1290,0.7759689688682556,0.314083069562912
M_72264,Municipality,Sablé-sur-Sarthe,2686,1,8270,0.7610641121864319,0.2700277268886566
P_44026_14,Precinct,Carquefou,1483,0,1060,0.8716981410980225,0.2687224745750427
P_49331_1,Precinct,Segré,1683,1,835,0.768862247467041,0.2292993664741516
P_85092_1,Precinct,Fontenay-le-Comte,3177,1,1008,0.7976190447807312,0.26042982935905457
M_72386,Municipality,Yvré-l'Evêque,2685,1,3499,0.8616747856140137,0.3240053951740265
P_44109_319,Precinct,Nantes,1510,1,1378,0.8084179759025574,0.4233907461166382
P_53130_2,Precinct,Laval,1799,1,923,0.7833153009414673,0.38983049988746643
P_44136_1,Precinct,Préfailles,1498,0,658,0.8829787373542786,0.23951049149036407
M_72135,Municipality,La Fontaine-Saint-Martin,2663,1,424,0.8679245114326477,0.23822714388370514
M_72046,Municipality,Le Breil-sur-Mérize,2685,1,994,0.8521126508712769,0.28743961453437805
M_72180,Municipality,Mamers,2679,1,3964,0.7575681209564209,0.2819727957248688
P_44114_16,Precinct,Orvault,1517,1,806,0.7568238377571106,0.3283333480358124
P_44026_11,Precinct,Carquefou,1483,1,766,0.8302872180938721,0.31904762983322144
P_49353_1,Precinct,Trélazé,1687,1,1407,0.8571428656578064,0.3914141356945038
M_44205,Municipality,Les Touches,1515,1,1642,0.830085277557373,0.26646706461906433
P_44187_3,Precinct,Saint-Père-en-Retz,1539,1,1137,0.840809166431427,0.2649572789669037
M_44149,Municipality,Saffré,1515,0,2666,0.8638409376144409,0.30978989601135254
P_44114_14,Precinct,Orvault,1517,1,858,0.7121211886405945,0.38499999046325684
M_72329,Municipality,Savigné-l'Evêque,2689,1,3411,0.8367047905921936,0.2781982123851776
P_44109_1108,Precinct,Nantes,1508,0,681,0.5521292090415955,0.5564516186714172
P_72181_56,Precinct,Le Mans,2674,1,1024,0.6943359375,0.38856303691864014
M_72051,Municipality,Cérans-Foulletourte,2663,1,2326,0.8400688171386719,0.25935688614845276
P_72181_54,Precinct,Le Mans,2676,1,1020,0.7843137383460999,0.361647367477417
M_85161,Municipality,Nieul-le-Dolent,3168,1,1763,0.8633012175559998,0.19341839849948883
P_72181_33,Precinct,Le Mans,2674,0,1027,0.700097382068634,0.38122332096099854
P_72181_68,Precinct,Le Mans,2675,1,985,0.7472081184387207,0.3564493656158447
M_72188,Municipality,Marollette,2679,1,114,0.9122806787490845,0.34951457381248474
M_72158,Municipality,Lavaré,2684,1,593,0.84654301404953,0.22109533846378326
P_44184_25,Precinct,Saint-Nazaire,1535,0,677,0.7326440215110779,0.47755101323127747
M_49247,Municipality,La Possonnière,1677,0,1831,0.8722009658813477,0.2981445789337158
P_72181_43,Precinct,Le Mans,2675,0,995,0.6613065600395203,0.4339035749435425
P_44114_4,Precinct,Orvault,1517,1,864,0.7881944179534912,0.3943028450012207
P_44109_1003,Precinct,Nantes,1509,1,837,0.7037037014961243,0.4965277910232544
M_72226,Municipality,Oizé,2663,0,779,0.8985879421234131,0.25705793499946594
P_72181_46,Precinct,Le Mans,2676,1,1051,0.7526165843009949,0.39715394377708435
M_49283,Municipality,Saint-Georges-sur-Loire,1677,1,2370,0.8890295624732971,0.2804284393787384
P_44109_1114,Precinct,Nantes,1514,1,715,0.7958042025566101,0.4206773638725281
P_44184_43,Precinct,Saint-Nazaire,1536,1,1090,0.820183515548706,0.4285714328289032
P_72181_53,Precinct,Le Mans,2676,1,913,0.7009857892990112,0.3893376290798187
P_44109_704,Precinct,Nantes,1512,1,683,0.6749634146690369,0.48358863592147827
P_49353_8,Precinct,Trélazé,1687,1,856,0.7757009267807007,0.46296295523643494
P_44210_2,Precinct,Trignac,1545,1,1165,0.7896995544433594,0.3695175349712372
P_44109_320,Precinct,Nantes,1513,0,866,0.7806004881858826,0.45045045018196106
M_72061,Municipality,La Chapelle-d'Aligné,2686,1,1143,0.8547681570053101,0.2063157856464386
M_85107,Municipality,La Guyonnière,3192,1,2006,0.8948155641555786,0.22852233052253723
P_44223_2,Precinct,Geneston,1488,1,1282,0.8751950263977051,0.32178670167922974
P_72181_41,Precinct,Le Mans,2674,1,940,0.6691489219665527,0.42139384150505066
P_44184_21,Precinct,Saint-Nazaire,1536,1,1118,0.7549194693565369,0.44683393836021423
P_44109_906,Precinct,Nantes,1511,1,964,0.6970954537391663,0.47360482811927795
P_44210_5,Precinct,Trignac,1545,0,1058,0.8601134419441223,0.3173184394836426
P_53130_26,Precinct,Laval,1799,0,965,0.7005181312561035,0.40832048654556274
M_44081,Municipality,Legé,1501,1,3014,0.8699402809143066,0.22382812201976776
P_72181_55,Precinct,Le Mans,2673,1,1053,0.642924964427948,0.446153849363327
P_44109_802,Precinct,Nantes,1514,0,657,0.7321156859397888,0.4978991448879242
M_72275,Municipality,Saint-Corneille,2689,1,829,0.8673099875450134,0.2625538110733032
M_53040,Municipality,Bourgon,1806,0,404,0.8787128925323486,0.17579250037670135
P_49328_9,Precinct,Saumur,1682,1,1305,0.6160919666290283,0.34487178921699524
M_85069,Municipality,Les Clouzeaux,3168,1,1961,0.8735339045524597,0.3036992847919464
M_72309,Municipality,Saint-Paul-le-Gaultier,2685,0,232,0.8017241358757019,0.22826087474822998
P_44109_707,Precinct,Nantes,1511,1,1225,0.713469386100769,0.46370023488998413
M_72369,Municipality,Verneil-le-Chétif,2684,1,455,0.8373626470565796,0.23529411852359772
M_72230,Municipality,Parigné-le-Pôlin,2663,1,743,0.903095543384552,0.2859303951263428
M_72063,Municipality,La Chapelle-Gaugain,2684,1,246,0.8008130192756653,0.25
M_49256,Municipality,Rablay-sur-Layon,1679,1,595,0.8621848821640015,0.3194444477558136
P_49214_5,Precinct,Montreuil-Juigné,1673,1,888,0.8592342138290405,0.34224599599838257
P_49214_1,Precinct,Montreuil-Juigné,1673,1,915,0.8295081853866577,0.3324287533760071
M_72317,Municipality,Saint-Rémy-du-Val,2679,1,439,0.8564920425415039,0.20054945349693298
P_49099_29,Precinct,Cholet,1655,0,989,0.695652186870575,0.4262295067310333
M_85026,Municipality,La Boissière-des-Landes,3168,0,988,0.8684210777282715,0.2514827847480774
M_53247,Municipality,Saint-Pierre-la-Cour,1806,1,1493,0.8553248643875122,0.2437850832939148
P_72181_42,Precinct,Le Mans,2673,1,841,0.587395966053009,0.49159663915634155
P_85092_5,Precinct,Fontenay-le-Comte,3177,1,937,0.8207044005393982,0.3245382606983185
P_85092_6,Precinct,Fontenay-le-Comte,3177,1,937,0.7822839021682739,0.3211781084537506
P_49353_5,Precinct,Trélazé,1687,1,838,0.8174224495887756,0.4109792411327362
P_49353_7,Precinct,Trélazé,1687,0,763,0.7313237190246582,0.4660550355911255
P_44190_5,Precinct,Saint-Sébastien-sur-Loire,1540,1,1211,0.8670520186424255,0.3905496597290039
P_49099_23,Precinct,Cholet,1655,1,782,0.7762148380279541,0.3410981595516205
P_44210_4,Precinct,Trignac,1545,1,794,0.7858942151069641,0.3977086842060089
M_72035,Municipality,Bessé-sur-Braye,2685,1,1777,0.7990996241569519,0.2692584693431854
M_49292,Municipality,Saint-Lambert-du-Lattay,1679,1,1351,0.9059955477714539,0.22389306128025055
M_44138,Municipality,Puceul,1515,1,692,0.884393036365509,0.28762543201446533
P_72181_51,Precinct,Le Mans,2673,1,917,0.6652126312255859,0.4010327160358429
M_72378,Municipality,Vion,2686,1,983,0.8809766173362732,0.227544903755188
M_44137,Municipality,Prinquiau,1543,1,2173,0.9024389982223511,0.2911261022090912
M_72335,Municipality,Sillé-le-Philippe,2689,1,831,0.8628158569335938,0.22804532945156097
M_72182,Municipality,Mansigné,2683,1,1217,0.7871816158294678,0.2435622364282608
M_44074,Municipality,Indre,1493,1,2708,0.8570901155471802,0.41335660219192505
P_72181_39,Precinct,Le Mans,2673,1,1053,0.6666666865348816,0.4426470696926117
P_49214_2,Precinct,Montreuil-Juigné,1673,1,797,0.796737790107727,0.3467094600200653
M_49329,Municipality,Savennières,1677,1,965,0.9005181193351746,0.27036598324775696
P_72181_38,Precinct,Le Mans,2673,0,1040,0.642307698726654,0.4109589159488678
P_44109_601,Precinct,Nantes,1510,1,629,0.7249602675437927,0.44320711493492126
M_44206,Municipality,Touvois,1501,1,1065,0.8779342770576477,0.269565224647522
M_85008,Municipality,Aubigny,3168,1,2412,0.8876451253890991,0.32665711641311646
M_72313,Municipality,Saint-Pierre-des-Ormes,2679,0,190,0.8526315689086914,0.24223601818084717
P_44109_1109,Precinct,Nantes,1509,1,538,0.6933085322380066,0.46070459485054016
P_44184_39,Precinct,Saint-Nazaire,1536,0,1191,0.7900923490524292,0.411827951669693
M_44128,Municipality,Plessé,1493,1,3365,0.8594353795051575,0.2706502676010132
P_44109_101,Precinct,Nantes,1512,1,988,0.6467611193656921,0.3623417615890503
P_22278_38,Precinct,Saint-Brieuc,640,1,811,0.7028359770774841,0.38053098320961
M_29197,Municipality,Plouhinec,851,1,3645,0.8172839283943176,0.3244898021221161
M_22060,Municipality,Gausson,630,1,484,0.8471074104309082,0.2380952388048172
M_29069,Municipality,Guilers,853,1,6065,0.8596867322921753,0.36746281385421753
M_35266,Municipality,Saint-Erblon,1171,1,1863,0.8990874886512756,0.33696308732032776
M_29111,Municipality,Lanhouarneau,871,1,881,0.8649262189865112,0.1803499311208725
M_35206,Municipality,Noyal-Châtillon-sur-Seiche,1171,1,4741,0.8702805042266846,0.3661591410636902
M_35061,Municipality,La Chapelle-Erbrée,1198,1,481,0.8773388862609863,0.20000000298023224
M_22324,Municipality,Saint-Quay-Perros,621,1,1188,0.8661616444587708,0.375
P_22278_32,Precinct,Saint-Brieuc,640,1,737,0.7666214108467102,0.4162162244319916
M_29284,Municipality,Treffiagat,854,1,1940,0.857216477394104,0.33231520652770996
M_29029,Municipality,Cléden-Poher,842,1,836,0.8732057213783264,0.3652777671813965
M_35250,Municipality,Saint-Armel,1171,1,1227,0.9111654162406921,0.3336363732814789
P_22070_3,Precinct,Guingamp,607,0,849,0.7962308526039124,0.375
M_22045,Municipality,Cohiniac,633,0,326,0.8865030407905579,0.2614840865135193
M_29016,Municipality,Brasparts,863,1,824,0.8288834691047668,0.3214285671710968
M_35070,Municipality,Châteauneuf-d'Ille-et-Vilaine,1189,0,760,0.8605263233184814,0.2745709717273712
M_22232,Municipality,Plourhan,604,1,1480,0.8932432532310486,0.2901715934276581
M_22167,Municipality,Perret,606,1,148,0.8310810923576355,0.36974790692329407
M_22146,Municipality,Mellionnec,606,1,325,0.8553845882415771,0.27106228470802307
M_29018,Municipality,Brennilis,850,1,364,0.7939560413360596,0.3321554660797119
M_29011,Municipality,Bohars,853,1,2632,0.8765197396278381,0.36251649260520935
P_22113_2,Precinct,Lannion,611,1,669,0.8430493474006653,0.37657657265663147
P_22113_7,Precinct,Lannion,611,1,939,0.8466453552246094,0.44629156589508057
M_22201,Municipality,Plévenon,615,0,755,0.8569536209106445,0.3059936761856079
M_29033,Municipality,Le Cloître-Pleyben,863,1,432,0.8611111044883728,0.3195592164993286
M_22133,Municipality,Loscouët-sur-Meu,617,1,486,0.8415637612342834,0.23929470777511597
M_22153,Municipality,Moncontour,618,0,422,0.8554502129554749,0.30484330654144287
M_22379,Municipality,Trévou-Tréguignec,621,1,1147,0.8308631181716919,0.34903639554977417
M_22100,Municipality,Langast,630,1,502,0.9023904204368591,0.2821670472621918
M_22365,Municipality,Trémargat,639,1,145,0.8551723957061768,0.16935484111309052
P_22278_19,Precinct,Saint-Brieuc,640,0,726,0.6652892827987671,0.3488371968269348
M_29086,Municipality,Irvillac,847,1,1005,0.8895522356033325,0.30760499835014343
P_22278_25,Precinct,Saint-Brieuc,641,1,828,0.7536231875419617,0.4224422574043274
M_22384,Municipality,Uzel,644,1,764,0.8952879309654236,0.31259259581565857
M_56023,Municipality,Brech,1872,1,4776,0.8695561289787292,0.28424152731895447
P_35288_28,Precinct,Saint-Malo,1190,1,970,0.7257732152938843,0.3858381509780884
M_22290,Municipality,Saint-Gelven,606,0,257,0.887159526348114,0.3348214328289032
M_29140,Municipality,Loperhet,872,1,2728,0.8980938196182251,0.34275031089782715
M_22371,Municipality,Trémorel,617,1,802,0.8678303956985474,0.29368576407432556
M_29185,Municipality,Plouescat,871,1,2987,0.8182122707366943,0.3133029341697693
M_29206,Municipality,Plounévez-Lochrist,871,0,1895,0.8422163724899292,0.22412697970867157
M_22038,Municipality,Châtelaudren,633,1,685,0.8525547385215759,0.35438597202301025
M_22003,Municipality,Aucaleuc,603,1,623,0.8651685118675232,0.3499043881893158
M_35327,Municipality,Servon-sur-Vilaine,1172,1,2661,0.8699737191200256,0.31466081738471985
M_29195,Municipality,Plouguerneau,874,0,5314,0.8445615172386169,0.2805347740650177
M_29120,Municipality,Lanvéoc,846,1,1435,0.8362369537353516,0.2578992247581482
M_29267,Municipality,Saint-Thois,844,1,549,0.8433515429496765,0.29411765933036804
M_29049,Municipality,Elliant,849,1,2388,0.8597152233123779,0.32832834124565125
M_22050,Municipality,Dinan,603,1,8065,0.7848728895187378,0.31914207339286804
M_29139,Municipality,Lopérec,879,1,612,0.8594771027565002,0.2909441292285919
M_22086,Municipality,Kerfot,620,1,535,0.8560747504234314,0.2993348240852356
M_29027,Municipality,Châteauneuf-du-Faou,844,1,2775,0.8345946073532104,0.3052631616592407
P_29046_12,Precinct,Douarnenez,848,1,1130,0.777876079082489,0.3376018702983856
P_22070_5,Precinct,Guingamp,607,1,809,0.7428924441337585,0.3833049535751343
M_29246,Municipality,Saint-Eloy,847,1,141,0.9503546357154846,0.4122137427330017
M_29024,Municipality,Carhaix-Plouguer,842,0,5755,0.824847936630249,0.3912389874458313
M_22268,Municipality,Ruca,615,1,450,0.846666693687439,0.3614775836467743
M_29243,Municipality,Saint-Coulitz,843,1,332,0.8945783376693726,0.37457045912742615
M_29044,Municipality,Dinéault,843,1,1080,0.8777777552604675,0.274678111076355
M_35208,Municipality,Orgères,1171,0,2729,0.8977647423744202,0.3439065217971802
M_29042,Municipality,Crozon,846,0,6797,0.8297778367996216,0.2743968367576599
P_29046_1,Precinct,Douarnenez,848,1,820,0.7402439117431641,0.2940199375152588
M_29249,Municipality,Saint-Goazec,844,1,619,0.8093699812889099,0.30425962805747986
M_29080,Municipality,Hôpital-Camfrout,847,1,1644,0.8819951415061951,0.342917263507843
M_29026,Municipality,Châteaulin,843,0,3711,0.8464025855064392,0.3139986991882324
M_22363,Municipality,Trélévern,621,0,1136,0.8714788556098938,0.33504626154899597
M_22061,Municipality,Glomel,639,1,1111,0.8685868382453918,0.33122363686561584
P_56098_12,Precinct,Lanester,1889,1,773,0.7865459322929382,0.3551088869571686
P_35065_2,Precinct,La Chapelle-Thouarault,1186,0,754,0.9045093059539795,0.414050817489624
P_22113_13,Precinct,Lannion,611,1,1059,0.7998111248016357,0.3566265106201172
M_29222,Municipality,Port-Launay,843,1,331,0.842900276184082,0.3247232437133789
M_22162,Municipality,Paimpol,620,1,6402,0.7913151979446411,0.29975923895835876
M_29172,Municipality,Plomodiern,867,1,1881,0.8431685566902161,0.2572161555290222
M_22179,Municipality,Fréhel,615,1,1520,0.8473684191703796,0.2760784327983856
M_35016,Municipality,Baulon,1151,1,1396,0.8459885120391846,0.307758629322052
P_22070_2,Precinct,Guingamp,607,1,855,0.8362573385238647,0.343794584274292
M_22168,Municipality,Perros-Guirec,621,1,6895,0.8240754008293152,0.3034692406654358
M_22001,Municipality,Allineuc,644,1,432,0.8819444179534912,0.3510638177394867
M_22378,Municipality,Trévérec,612,1,154,0.9285714030265808,0.3617021143436432
M_29077,Municipality,Guissény,874,1,1653,0.8638838529586792,0.29653221368789673
M_22150,Municipality,Le Merzer,612,1,695,0.8633093237876892,0.3164983093738556
M_56167,Municipality,Plougoumelen,1872,1,1845,0.8937669396400452,0.2826221287250519
M_35284,Municipality,Saint-Jouan-des-Guérets,1189,1,2271,0.863055944442749,0.3193364441394806
M_29250,Municipality,Saint-Hernin,842,1,641,0.8455538153648376,0.35634326934814453
M_22333,Municipality,Saint-Vran,617,0,549,0.8633880019187927,0.35117772221565247
M_29302,Municipality,Pont-de-Buis-lès-Quimerch,879,1,2675,0.8530840873718262,0.3513753414154053
M_22063,Municipality,Gommenec'h,612,1,404,0.8638613820075989,0.3070175349712372
M_29166,Municipality,Ploéven,867,0,409,0.8973104953765869,0.35342466831207275
M_22263,Municipality,Le Quiou,605,1,232,0.8534482717514038,0.4183673560619354
M_29176,Municipality,Plonévez-Porzay,867,1,1464,0.8606557250022888,0.24879227578639984
P_22113_3,Precinct,Lannion,611,0,623,0.8170144557952881,0.39436620473861694
M_22062,Municipality,Gomené,617,1,446,0.8609865307807922,0.2558746635913849
P_35288_6,Precinct,Saint-Malo,1190,1,873,0.5704467296600342,0.38461539149284363
M_22174,Municipality,Pléboulle,615,1,622,0.8729903697967529,0.27579736709594727
M_22107,Municipality,Laniscat,606,1,588,0.8911564350128174,0.3786407709121704
P_22070_4,Precinct,Guingamp,607,1,529,0.7523629665374756,0.40519481897354126
M_35127,Municipality,Guignen,1151,1,2351,0.8770735859870911,0.33185839653015137
M_22330,Municipality,Saint-Thélo,644,1,317,0.8296530246734619,0.2868216931819916
M_22055,Municipality,Etables-sur-Mer,604,1,2508,0.8708133697509766,0.2925804853439331
P_22278_14,Precinct,Saint-Brieuc,641,1,806,0.7754342555999756,0.36747968196868896
M_22219,Municipality,Plouguenast,630,1,1429,0.8691392540931702,0.24406224489212036
P_22113_11,Precinct,Lannion,611,1,687,0.7496361136436462,0.4071146249771118
M_22233,Municipality,Plourivo,620,0,1750,0.8697142601013184,0.3224080204963684
M_29082,Municipality,Ile-de-Batz,851,1,568,0.7429577708244324,0.30656933784484863
M_22021,Municipality,Brusvily,603,1,817,0.8739290237426758,0.35177305340766907
M_22248,Municipality,Pommerit-le-Vicomte,612,1,1383,0.8582791090011597,0.37264958024024963
P_22070_6,Precinct,Guingamp,607,1,546,0.7564102411270142,0.39853301644325256
M_22260,Municipality,Le Quillio,644,0,343,0.8862974047660828,0.17627118527889252
P_35288_7,Precinct,Saint-Malo,1190,1,832,0.7403846383094788,0.3578595221042633
M_22191,Municipality,Plessala,630,1,1435,0.8675957918167114,0.31583264470100403
M_22281,Municipality,Saint-Carreuc,618,1,1079,0.886932373046875,0.3383297622203827
M_22208,Municipality,Plouasne,605,1,1193,0.860854983329773,0.31563127040863037
M_35093,Municipality,Dinard,1147,1,8521,0.8290106654167175,0.2658027410507202
P_35281_3,Precinct,Saint-Jacques-de-la-Lande,1188,1,746,0.8109919428825378,0.3786078095436096
M_35360,Municipality,Vitré,1198,1,12505,0.8052778840065002,0.27001315355300903
M_35087,Municipality,Cornillé,1198,1,618,0.8705501556396484,0.2030075192451477
M_22234,Municipality,Plouvara,633,1,763,0.8663171529769897,0.3528505265712738
P_35281_1,Precinct,Saint-Jacques-de-la-Lande,1188,1,835,0.8275449275970459,0.4067055284976959
P_56098_1,Precinct,Lanester,1889,0,1006,0.718687891960144,0.3806818127632141
P_35288_29,Precinct,Saint-Malo,1190,1,1041,0.7214217185974121,0.3586956560611725
M_56007,Municipality,Auray,1872,1,8800,0.7942045331001282,0.2903272807598114
M_22011,Municipality,Boqueho,633,1,764,0.8691099286079407,0.2929447889328003
M_29025,Municipality,Cast,843,1,1246,0.857945442199707,0.2851710915565491
M_29054,Municipality,La Feuillée,851,0,512,0.826171875,0.3744075894355774
M_29013,Municipality,Botmeur,851,1,196,0.8418367505073547,0.4585987329483032
M_35107,Municipality,Ercé-près-Liffré,1161,1,1239,0.8910411596298218,0.3561517000198364
M_29062,Municipality,Gouézec,863,1,853,0.8452520370483398,0.27234041690826416
M_22198,Municipality,Pleumeur-Bodou,624,1,3461,0.8688240647315979,0.35242289304733276
M_22343,Municipality,Trébeurden,624,1,3377,0.8554930686950684,0.3360196352005005
M_56176,Municipality,Pluneret,1872,0,4057,0.8612275123596191,0.2997075915336609
M_35306,Municipality,Saint-Père,1189,1,1731,0.8613518476486206,0.2612859010696411
P_22278_17,Precinct,Saint-Brieuc,641,1,644,0.6987577676773071,0.4068181812763214
M_29189,Municipality,Plougastel-Daoulas,872,1,10464,0.8524464964866638,0.33428052067756653
M_22296,Municipality,Saint-Glen,618,1,463,0.8574513792991638,0.32992327213287354
P_29046_4,Precinct,Douarnenez,848,1,935,0.7219251394271851,0.27927929162979126
M_22087,Municipality,Kergrist-Moëlou,639,1,502,0.824701189994812,0.31463414430618286
M_56262,Municipality,Le Bono,1872,1,1864,0.8567596673965454,0.26747140288352966
P_29046_13,Precinct,Douarnenez,848,0,1040,0.7923076748847961,0.37948083877563477
M_22280,Municipality,Saint-Carné,603,1,810,0.8086419701576233,0.39534884691238403
M_35207,Municipality,Noyal-sur-Vilaine,1172,0,3964,0.8955600261688232,0.3419170379638672
M_35052,Municipality,Champeaux,1198,0,394,0.8375634551048279,0.22392638027668
M_35152,Municipality,Liffré,1161,1,5234,0.8786779046058655,0.3582320511341095
M_22184,Municipality,Plémy,630,0,1219,0.8662838339805603,0.2913843095302582
M_29216,Municipality,Pluguffan,866,1,2830,0.8844522833824158,0.3352319002151489
M_35031,Municipality,La Bouëxière,1161,1,2708,0.8670605421066284,0.3146214187145233
M_22353,Municipality,Trégastel,621,1,2316,0.871761679649353,0.3068809509277344
M_29043,Municipality,Daoulas,847,1,1417,0.8637967705726624,0.4210963547229767
P_56098_3,Precinct,Lanester,1889,1,927,0.7939590215682983,0.36250001192092896
P_56098_10,Precinct,Lanester,1889,1,998,0.7905811667442322,0.37142857909202576
P_22278_6,Precinct,Saint-Brieuc,641,1,863,0.7531865835189819,0.3426356613636017
M_29053,Municipality,Le Faou,879,1,1350,0.8444444537162781,0.35847383737564087
P_35065_1,Precinct,La Chapelle-Thouarault,1186,1,792,0.8964646458625793,0.4014388620853424
M_22220,Municipality,Plouguernével,639,1,1359,0.903605580329895,0.3881961703300476
M_29256,Municipality,Saint-Nic,867,1,631,0.8827258348464966,0.29219600558280945
M_22325,Municipality,Saint-Quay-Portrieux,604,1,2907,0.8255934119224548,0.25095057487487793
M_22274,Municipality,Saint-André-des-Eaux,605,1,228,0.859649121761322,0.3212435245513916
M_29089,Municipality,Kergloff,842,1,741,0.8650472164154053,0.3594249188899994
M_29072,Municipality,Guilvinec,854,1,2483,0.8280305862426758,0.3139880895614624
M_22214,Municipality,Plouézec,620,1,2856,0.8364846110343933,0.303495317697525
M_22210,Municipality,Ploubazlanec,620,1,2854,0.8482831120491028,0.2924884557723999
P_35281_4,Precinct,Saint-Jacques-de-la-Lande,1188,1,961,0.8293444514274597,0.38276299834251404
M_29007,Municipality,Berrien,850,1,744,0.8467742204666138,0.36000001430511475
M_29170,Municipality,Plomelin,866,1,3217,0.8765931129455566,0.3270825743675232
M_35123,Municipality,Goven,1151,0,3216,0.8417288661003113,0.32806622982025146
M_29287,Municipality,Tréflez,871,1,752,0.8936170339584351,0.24474474787712097
M_22266,Municipality,Rostrenen,639,0,2311,0.8303764462471008,0.3361477553844452
M_29041,Municipality,Coray,849,1,1408,0.8572443127632141,0.3212783932685852
M_35287,Municipality,Saint-Lunaire,1147,1,2022,0.8615232706069946,0.25336453318595886
M_22282,Municipality,Saint-Cast-le-Guildo,615,1,3318,0.8574442267417908,0.2643801271915436
M_29152,Municipality,Motreff,842,1,533,0.8799249529838562,0.36739131808280945
M_22258,Municipality,Quessoy,618,1,2855,0.8739054203033447,0.308289110660553
M_29240,Municipality,Rosnoën,879,0,771,0.853437066078186,0.29037266969680786
M_35126,Municipality,Guichen,1151,1,5578,0.8678737878799438,0.34332138299942017
P_22278_18,Precinct,Saint-Brieuc,641,0,776,0.6920102834701538,0.41165414452552795
P_35288_8,Precinct,Saint-Malo,1190,0,1059,0.6968838572502136,0.36477115750312805
M_35032,Municipality,Bourgbarré,1171,1,2511,0.8637992739677429,0.3642384111881256
M_29122,Municipality,Laz,844,1,541,0.8502772450447083,0.3400000035762787
M_22007,Municipality,Binic,604,0,3253,0.8493698239326477,0.3016924262046814
M_35256,Municipality,Saint-Briac-sur-Mer,1147,1,2250,0.8355555534362793,0.24067063629627228
P_35281_6,Precinct,Saint-Jacques-de-la-Lande,1188,1,1077,0.8077994585037231,0.42485207319259644
M_29275,Municipality,Scrignac,851,1,629,0.8108108043670654,0.3253968358039856
M_22308,Municipality,Saint-Juvat,605,1,505,0.8574257493019104,0.36000001430511475
M_22122,Municipality,Laurenan,617,1,550,0.8581818342208862,0.3391684889793396
M_29263,Municipality,Saint-Ségal,879,1,744,0.8951612710952759,0.35920852422714233
M_22188,Municipality,Plerneuf,633,1,667,0.9325337409973145,0.3376835286617279
P_56098_9,Precinct,Lanester,1889,1,899,0.7986651659011841,0.36130866408348083
P_29046_6,Precinct,Douarnenez,848,1,775,0.7161290049552917,0.33701658248901367
M_29036,Municipality,Collorec,850,1,448,0.7745535969734192,0.313043475151062
M_22377,Municipality,Tréveneuc,604,1,670,0.888059675693512,0.29965752363204956
M_29012,Municipality,Bolazec,850,1,175,0.8742856979370117,0.4868420958518982
M_22057,Municipality,Le Faouët,612,0,258,0.8837209343910217,0.29223743081092834
M_35300,Municipality,Saint-M'Hervé,1198,1,1019,0.8684985041618347,0.17990654706954956
M_22300,Municipality,Saint-Hervé,644,1,293,0.8873720169067383,0.18897637724876404
M_29115,Municipality,Lannédern,863,0,254,0.874015748500824,0.28240740299224854
M_22380,Municipality,Trévron,603,0,529,0.8884688019752502,0.37744033336639404
M_35314,Municipality,Saint-Suliac,1189,1,814,0.8808353543281555,0.3094233572483063
M_29078,Municipality,Hanvec,847,0,1488,0.8797042965888977,0.33513930439949036
M_35358,Municipality,La Ville-ès-Nonais,1189,1,731,0.871408998966217,0.29903537034988403
M_22181,Municipality,Plélauff,606,1,531,0.839924693107605,0.4100227653980255
M_22035,Municipality,Les Champs-Géraux,605,0,835,0.8574850559234619,0.33475783467292786
M_29261,Municipality,Saint-Rivoal,863,1,137,0.8321167826652527,0.2743362784385681
M_35039,Municipality,Brécé,1172,1,1388,0.8731988668441772,0.3299578130245209
M_35149,Municipality,Lassy,1151,1,1005,0.9004974961280823,0.34572070837020874
M_22345,Municipality,Trébry,618,1,616,0.875,0.34644195437431335
M_29291,Municipality,Trégourez,850,0,779,0.8356868028640747,0.35913312435150146
P_86194_11,Precinct,Poitiers,3230,1,892,0.6973094344139099,0.42903751134872437
M_86135,Municipality,Liniers,3231,1,410,0.8585366010665894,0.38823530077934265
M_86121,Municipality,Latillé,3237,1,1073,0.8424976468086243,0.315315306186676
P_17300_17,Precinct,La Rochelle,457,1,979,0.6618999242782593,0.3984375
P_86062_1,Precinct,Chasseneuil-du-Poitou,3209,1,982,0.8268839120864868,0.3350062668323517
M_86226,Municipality,Saint-Julien-l'Ars,3231,1,1824,0.8799341917037964,0.32590705156326294
M_16157,Municipality,Le Grand-Madieu,421,1,133,0.8496240377426147,0.3660714328289032
M_86263,Municipality,Smarves,3215,1,1995,0.8837092518806458,0.37775203585624695
P_17300_50,Precinct,La Rochelle,457,1,1177,0.689039945602417,0.44276729226112366
M_17193,Municipality,La Jarne,477,1,1757,0.8497439026832581,0.32673943042755127
P_17300_51,Precinct,La Rochelle,458,1,896,0.7700892686843872,0.43982169032096863
M_86209,Municipality,Roches-Prémarie-Andillé,3228,1,1392,0.8936781883239746,0.3374182879924774
M_86247,Municipality,Saint-Saviol,3212,1,386,0.8575129508972168,0.3146417438983917
P_17300_14,Precinct,La Rochelle,457,1,917,0.6750272512435913,0.41147541999816895
M_16161,Municipality,Guizengeard,419,1,136,0.75,0.27000001072883606
M_16096,Municipality,Cherves-Châtelars,419,0,340,0.7264705896377563,0.34166666865348816
M_16404,Municipality,Vieux-Ruffec,421,1,86,0.8372092843055725,0.36231884360313416
M_79020,Municipality,Augé,3020,1,656,0.8490853905677795,0.3271718919277191
M_86231,Municipality,Saint-Macoux,3212,1,372,0.8145161271095276,0.3447099030017853
M_16049,Municipality,Bonnes,422,1,282,0.8191489577293396,0.3127753436565399
M_86290,Municipality,La Villedieu-du-Clain,3228,1,1206,0.8217247128486633,0.3253886103630066
M_16318,Municipality,Saint-Front,421,1,223,0.7892376780509949,0.2976190447807312
M_86010,Municipality,Aslonnes,3228,1,795,0.8691824078559875,0.3089311718940735
P_17300_53,Precinct,La Rochelle,457,0,699,0.7110157608985901,0.3979591727256775
P_17300_9,Precinct,La Rochelle,458,1,700,0.772857129573822,0.385633260011673
M_17407,Municipality,Sainte-Soulle,477,1,2852,0.8418653607368469,0.34215018153190613
M_16255,Municipality,Parzac,420,0,115,0.800000011920929,0.20454545319080353
M_86100,Municipality,Fontaine-le-Comte,3215,0,2904,0.869490385055542,0.3906882703304291
M_86204,Municipality,Quinçay,3237,0,1579,0.892336905002594,0.3511175215244293
P_86194_4,Precinct,Poitiers,3230,1,1086,0.7670350074768066,0.3897058963775635
M_16091,Municipality,Châtignac,420,1,148,0.7432432174682617,0.18518517911434174
M_86147,Municipality,Marigny-Chemereau,3236,1,395,0.8886076211929321,0.3255814015865326
M_16237,Municipality,Mouton,422,0,226,0.7654867172241211,0.3333333432674408
P_86194_6,Precinct,Poitiers,3230,1,690,0.7927536368370056,0.35793358087539673
M_86293,Municipality,Vivonne,3236,0,2399,0.8553563952445984,0.33233383297920227
M_86134,Municipality,Linazay,3212,1,157,0.7707006335258484,0.29914531111717224
P_86194_40,Precinct,Poitiers,3229,1,855,0.7017543911933899,0.44500845670700073
P_86194_35,Precinct,Poitiers,3230,0,1044,0.782567024230957,0.3561643958091736
P_17300_2,Precinct,La Rochelle,458,1,861,0.7735191583633423,0.4000000059604645
M_86113,Municipality,Iteuil,3215,1,2214,0.8667569756507874,0.3776482939720154
M_86088,Municipality,Croutelle,3215,1,581,0.8777968883514404,0.32926830649375916
M_16285,Municipality,Rougnac,419,1,350,0.8342857360839844,0.3658536672592163
M_79253,Municipality,Saint-Georges-de-Noisné,3020,0,532,0.8289473652839661,0.26157405972480774
M_16329,Municipality,Saint-Laurent-de-Céris,422,1,611,0.7692307829856873,0.40434783697128296
M_86074,Municipality,Chiré-en-Montreuil,3237,1,648,0.8564814925193787,0.3018518388271332
M_86017,Municipality,Ayron,3237,1,807,0.8500619530677795,0.2863568067550659
M_86180,Municipality,Nouaillé-Maupertuis,3228,1,2224,0.8754496574401855,0.3915316164493561
M_16046,Municipality,Blanzac-Porcheresse,420,1,628,0.831210196018219,0.2939999997615814
M_16087,Municipality,Chassiecq,420,1,119,0.7647058963775635,0.40909090638160706
M_16341,Municipality,Saint-Michel,422,1,2238,0.7716711163520813,0.4066193997859955
P_17300_39,Precinct,La Rochelle,458,1,869,0.7698503732681274,0.36986300349235535
M_16195,Municipality,Lussac,419,1,247,0.7732793688774109,0.37634408473968506
M_86142,Municipality,Maillé,3237,1,418,0.7822966575622559,0.30283913016319275
M_17391,Municipality,Saint-Rogatien,477,0,1596,0.8446115255355835,0.37127578258514404
M_79302,Municipality,Saivres,3020,1,1064,0.8703007698059082,0.3576965630054474
P_86062_2,Precinct,Chasseneuil-du-Poitou,3209,1,882,0.817460298538208,0.3502824902534485
P_17300_16,Precinct,La Rochelle,457,1,1049,0.6577693223953247,0.4162963032722473
P_17300_6,Precinct,La Rochelle,458,0,987,0.7011144757270813,0.415316641330719
P_86194_43,Precinct,Poitiers,3230,1,1344,0.7723214030265808,0.45427727699279785
M_86295,Municipality,Voulême,3212,0,289,0.8200691938400269,0.31004366278648376
M_86099,Municipality,Fleuré,3228,0,681,0.8663730025291443,0.29772329330444336
M_86133,Municipality,Ligugé,3215,1,2402,0.8709408640861511,0.36097562313079834
M_86198,Municipality,Pouillé,3231,0,463,0.8833693265914917,0.28428927063941956
M_86145,Municipality,Marçay,3236,1,709,0.875881552696228,0.34918034076690674
M_17245,Municipality,Montroy,477,1,545,0.8073394298553467,0.3333333432674408
P_86194_8,Precinct,Poitiers,3229,0,872,0.7419725060462952,0.4208860695362091
M_16245,Municipality,Nieuil,421,0,788,0.7956852912902832,0.36721310019493103
M_79024,Municipality,Azay-le-Brûlé,3020,1,1363,0.8767424821853638,0.35218510031700134
P_86062_3,Precinct,Chasseneuil-du-Poitou,3209,1,906,0.8278145790100098,0.3086419701576233
P_86194_41,Precinct,Poitiers,3229,1,855,0.7111111283302307,0.42953020334243774
P_86194_23,Precinct,Poitiers,3229,1,897,0.6856187582015991,0.45348837971687317
M_17194,Municipality,La Jarrie,477,1,2397,0.8189403414726257,0.33851736783981323
M_86268,Municipality,Tercé,3231,1,835,0.8694610595703125,0.4195804297924042
M_86028,Municipality,Bignoux,3231,1,887,0.8703494668006897,0.4129287600517273
M_79270,Municipality,Saint-Maixent-l'Ecole,3020,1,4044,0.7987141609191895,0.28838831186294556
M_16256,Municipality,Passirac,422,1,166,0.8253012299537659,0.31343284249305725
M_16038,Municipality,Benest,419,1,277,0.8303248882293701,0.3794642984867096
M_86065,Municipality,Château-Larcher,3236,1,767,0.8187744617462158,0.2782323956489563
M_16377,Municipality,La Tâche,420,1,83,0.8313252925872803,0.3076923191547394
M_86078,Municipality,Civray,3212,1,1925,0.8197402358055115,0.37605178356170654
P_86194_24,Precinct,Poitiers,3229,1,869,0.735327959060669,0.40639999508857727
M_16149,Municipality,Genouillac,421,1,458,0.8013100624084473,0.35854342579841614
M_33059,Municipality,Blésignac,1032,1,213,0.8685445785522461,0.3478260934352875
P_33522_20,Precinct,Talence,1075,1,928,0.8092672228813171,0.4099462330341339
M_64086,Municipality,Ayherre,2346,1,745,0.8604027032852173,0.20645160973072052
M_24406,Municipality,Sainte-Foy-de-Belvès,657,1,71,0.8028169274330139,0.35087719559669495
P_24520_3,Precinct,Sarlat-la-Canéda,685,1,762,0.8543307185173035,0.28081122040748596
P_33167_6,Precinct,Floirac,1034,1,1076,0.6319702863693237,0.443113774061203
M_33407,Municipality,Saint-Genès-de-Fronsac,1063,0,541,0.8262476921081543,0.2459770143032074
P_24442_2,Precinct,Saint-Léon-sur-l'Isle,683,1,779,0.8921694755554199,0.28070175647735596
P_24037_14,Precinct,Bergerac,658,0,718,0.8036211729049683,0.32740214467048645
M_33140,Municipality,Créon,1032,0,2870,0.8285714387893677,0.31759655475616455
P_24322_5,Precinct,Périgueux,680,0,852,0.7781690359115601,0.3085271418094635
P_24322_15,Precinct,Périgueux,680,1,1052,0.8326995968818665,0.38863107562065125
P_24442_1,Precinct,Saint-Léon-sur-l'Isle,683,1,722,0.8601108193397522,0.33931484818458557
M_33550,Municipality,Villenave-d'Ornon,1077,1,20437,0.8277144432067871,0.3698085844516754
M_33118,Municipality,Cénac,1025,1,1466,0.847203254699707,0.29795917868614197
M_24002,Municipality,Agonac,660,1,1358,0.830633282661438,0.3487318754196167
P_33522_15,Precinct,Talence,1075,1,958,0.7985386252403259,0.35458168387413025
M_24155,Municipality,Douville,672,1,352,0.8551136255264282,0.26369863748550415
M_24115,Municipality,Château-l'Evêque,660,0,1790,0.8256983160972595,0.3248451352119446
P_24037_17,Precinct,Bergerac,658,1,1236,0.7402912378311157,0.27857935428619385
M_24561,Municipality,Valeuil,659,0,308,0.850649356842041,0.28458496928215027
M_33542,Municipality,Vérac,1063,1,548,0.8740875720977783,0.29535865783691406
M_33080,Municipality,Cadaujac,1077,1,3729,0.870474636554718,0.33959898352622986
P_33318_17,Precinct,Pessac,1059,1,925,0.7243243455886841,0.4695121943950653
M_33349,Municipality,Quinsac,1025,0,1513,0.8889623284339905,0.3361153304576874
M_33245,Municipality,Lignan-de-Bordeaux,1025,1,606,0.8927392959594727,0.3395872414112091
M_24408,Municipality,Saint-Front-d'Alemps,660,1,217,0.9078341126441956,0.35384616255760193
P_24037_19,Precinct,Bergerac,658,1,958,0.774530291557312,0.37016573548316956
P_24520_5,Precinct,Sarlat-la-Canéda,685,1,747,0.8634538054466248,0.37738853693008423
M_33099,Municipality,Carignan-de-Bordeaux,1025,1,2747,0.8471059203147888,0.30223390460014343
P_24037_3,Precinct,Bergerac,658,1,986,0.726166307926178,0.30539771914482117
M_33127,Municipality,Civrac-sur-Dordogne,1027,1,147,0.8775510191917419,0.34645670652389526
P_33318_16,Precinct,Pessac,1059,1,866,0.7309468984603882,0.4363929033279419
M_33153,Municipality,Doulezon,1027,1,230,0.8478260636329651,0.28125
M_33402,Municipality,Sainte-Foy-la-Grande,1060,1,1532,0.7036553621292114,0.3424528241157532
M_64277,Municipality,Isturits,2346,1,289,0.8339100480079651,0.28326180577278137
M_33505,Municipality,La Sauve,1032,1,926,0.8477321863174438,0.3276762366294861
M_24170,Municipality,Eyvirat,660,1,238,0.8823529481887817,0.24500000476837158
M_33483,Municipality,Saint-Sulpice-et-Cameyrac,1068,1,3265,0.8474732041358948,0.2745601236820221
P_24520_7,Precinct,Sarlat-la-Canéda,685,1,764,0.8468586206436157,0.3181818127632141
M_24455,Municipality,Saint-Martin-de-Ribérac,681,0,556,0.8327338099479675,0.268623024225235
M_33431,Municipality,Saint-Léon,1032,1,226,0.9070796370506287,0.27000001072883606
M_24529,Municipality,Segonzac,681,1,163,0.8588957190513611,0.5785714387893677
P_40192_16,Precinct,Mont-de-Marsan,1367,1,1021,0.6718903183937073,0.431314617395401
M_64377,Municipality,Mendionde,2346,0,610,0.8606557250022888,0.240234375
M_40306,Municipality,Sorde-l'Abbaye,1373,1,515,0.8776699304580688,0.32359549403190613
P_33318_10,Precinct,Pessac,1059,0,954,0.74947589635849,0.4384724199771881
M_24352,Municipality,Ribérac,681,1,2818,0.8211497664451599,0.3844097852706909
P_47001_21,Precinct,Agen,1610,1,769,0.6879063844680786,0.5466926097869873
M_47302,Municipality,Sos,1620,1,514,0.8521400690078735,0.2546728849411011
P_33056_9,Precinct,Blanquefort,1015,1,832,0.8317307829856873,0.3538913428783417
M_24335,Municipality,Port-Sainte-Foy-et-Ponchapt,1060,1,1769,0.8479366898536682,0.29107022285461426
M_24308,Municipality,Négrondes,660,1,650,0.8769230842590332,0.3417721390724182
M_24360,Municipality,Sagelat,657,1,252,0.8492063283920288,0.2971698045730591
M_47135,Municipality,Laparade,1620,0,310,0.8419354557991028,0.28125
P_33318_15,Precinct,Pessac,1059,1,1120,0.7651785612106323,0.4146919548511505
M_33282,Municipality,Mérignas,1027,1,260,0.8153846263885498,0.27751195430755615
M_47142,Municipality,Lauzun,1619,1,529,0.822306215763092,0.2598607838153839
M_47319,Municipality,Villebramar,1620,1,71,0.9295774698257446,0.20000000298023224
M_24538,Municipality,Siorac-en-Périgord,657,1,738,0.8116531372070312,0.3513513505458832
M_47157,Municipality,Marmande,1624,1,12879,0.7676061987876892,0.2955695688724518
M_24198,Municipality,La Gonterie-Boulouneix,659,1,198,0.8181818127632141,0.3037974536418915
P_40192_3,Precinct,Mont-de-Marsan,1367,1,805,0.7142857313156128,0.335701584815979
M_33377,Municipality,Saint-Avit-de-Soulège,1060,1,62,0.8709677457809448,0.2641509473323822
M_24055,Municipality,Bourdeilles,659,1,525,0.8609523773193359,0.3837471902370453
P_24520_8,Precinct,Sarlat-la-Canéda,685,0,900,0.8444444537162781,0.3670715391635895
M_33344,Municipality,Pujols,1028,1,455,0.8791208863258362,0.24681933224201202
M_33460,Municipality,Saint-Pey-de-Castets,1028,0,498,0.8875501751899719,0.2817552089691162
M_33296,Municipality,Mouliets-et-Villemartin,1028,1,768,0.8580729365348816,0.2593167722225189
M_40313,Municipality,Tartas,1386,1,2342,0.8236550092697144,0.37722980976104736
M_40309,Municipality,Souprosse,1386,1,857,0.8576429486274719,0.35961273312568665
M_40116,Municipality,Gouts,1386,0,216,0.9351851940155029,0.3467336595058441
M_40066,Municipality,Carcarès-Sainte-Croix,1386,1,419,0.8687350749969482,0.40112993121147156
M_64147,Municipality,Briscous,2346,1,1911,0.8576661348342896,0.3029925227165222
M_33168,Municipality,Flaujagues,1028,1,400,0.8500000238418579,0.2985074520111084
P_33273_3,Precinct,Martignas-sur-Jalle,1054,1,919,0.8324265480041504,0.4119205176830292
M_47307,Municipality,Thézac,1620,1,140,0.8999999761581421,0.19200000166893005
M_47074,Municipality,Couthures-sur-Garonne,1624,0,291,0.8659793734550476,0.25506073236465454
P_24322_8,Precinct,Périgueux,680,1,739,0.7861975431442261,0.3590192496776581
M_33363,Municipality,Sadirac,1032,1,2716,0.8472017645835876,0.2992021143436432
M_33553,Municipality,Virsac,1063,1,805,0.7763975262641907,0.335515558719635
P_40088_1,Precinct,Dax,1359,1,1116,0.7679211497306824,0.31139835715293884
P_33167_9,Precinct,Floirac,1034,0,1086,0.6491712927818298,0.484804630279541
P_24322_20,Precinct,Périgueux,680,1,821,0.8574908375740051,0.4057554006576538
P_33167_1,Precinct,Floirac,1034,1,1233,0.728304922580719,0.4061085879802704
M_47056,Municipality,Castelnau-sur-Gupie,1624,1,634,0.8785489201545715,0.20292504131793976
M_24581,Municipality,Villamblard,672,1,675,0.8770370483398438,0.3840830326080322
M_40212,Municipality,Orthevielle,1373,1,737,0.8575305342674255,0.35691317915916443
M_47099,Municipality,Fongrave,1619,1,464,0.8534482717514038,0.32474225759506226
M_47233,Municipality,Sainte-Bazeille,1624,1,2375,0.8408421277999878,0.2710905373096466
M_47119,Municipality,Houeillès,1619,1,480,0.824999988079071,0.3120204508304596
M_24259,Municipality,Maurens,672,0,813,0.8523985147476196,0.24447716772556305
M_24537,Municipality,Siorac-de-Ribérac,681,1,223,0.878923773765564,0.3210526406764984
P_33522_17,Precinct,Talence,1075,0,1147,0.7959895133972168,0.3844444453716278
P_33522_21,Precinct,Talence,1075,1,1138,0.7469244003295898,0.4702380895614624
M_33371,Municipality,Saint-Antoine,1063,1,277,0.8231046795845032,0.2946428656578064
P_64129_7,Precinct,Billère,2340,1,767,0.7627118825912476,0.313043475151062
M_47065,Municipality,Clairac,1620,1,1699,0.8434373140335083,0.2585960030555725
P_40192_4,Precinct,Mont-de-Marsan,1367,1,813,0.7269372940063477,0.341379314661026
P_33056_1,Precinct,Blanquefort,1015,0,930,0.8462365865707397,0.36984536051750183
P_33167_2,Precinct,Floirac,1034,1,610,0.7491803169250488,0.3791574239730835
P_24312_2,Precinct,Notre-Dame-de-Sanilhac,661,1,856,0.8936915993690491,0.28154051303863525
P_40088_4,Precinct,Dax,1359,0,936,0.7799145579338074,0.34818941354751587
M_24064,Municipality,Brantôme,659,1,1580,0.851898729801178,0.25951293110847473
P_33056_3,Precinct,Blanquefort,1015,1,1138,0.8119508028030396,0.38026607036590576
M_33108,Municipality,Castillon-la-Bataille,1027,0,2031,0.7552929520606995,0.27272728085517883
M_24478,Municipality,Saint-Pardoux-et-Vielvic,657,1,124,0.7983871102333069,0.38383838534355164
P_40192_22,Precinct,Mont-de-Marsan,1367,1,598,0.6872909665107727,0.27227723598480225
M_24213,Municipality,Jaure,672,1,122,0.8934426307678223,0.2616822421550751
P_33318_22,Precinct,Pessac,1059,1,1054,0.6897532939910889,0.5140056014060974
M_33207,Municipality,Izon,1068,1,3918,0.8175089359283447,0.3258391320705414
P_33273_5,Precinct,Martignas-sur-Jalle,1054,0,1185,0.851476788520813,0.31695085763931274
M_24564,Municipality,Vanxains,681,1,513,0.847953200340271,0.29383885860443115
M_24042,Municipality,Biras,659,1,420,0.8928571343421936,0.4000000059604645
P_40088_13,Precinct,Dax,1359,1,1003,0.8125622868537903,0.2948557138442993
P_64129_9,Precinct,Billère,2340,0,821,0.7503045201301575,0.33442622423171997
M_24456,Municipality,Saint-Martin-des-Combes,672,1,142,0.8521126508712769,0.23140496015548706
M_24230,Municipality,Larzac,657,0,105,0.800000011920929,0.380952388048172
M_47046,Municipality,Calonges,1619,1,417,0.8561151027679443,0.3180515766143799
P_33273_4,Precinct,Martignas-sur-Jalle,1054,1,1138,0.8479788899421692,0.3673684298992157
P_47001_8,Precinct,Agen,1610,0,746,0.7613940834999084,0.4219030439853668
P_64129_8,Precinct,Billère,2340,1,860,0.7790697813034058,0.30349013209342957
P_47001_15,Precinct,Agen,1610,1,832,0.7848557829856873,0.27950310707092285
M_40254,Municipality,Saint-Cricq-du-Gave,1373,1,291,0.8487972617149353,0.35655736923217773
M_33361,Municipality,Ruch,1028,1,403,0.8957816362380981,0.29411765933036804
M_47121,Municipality,Labastide-Castel-Amouroux,1619,0,230,0.895652174949646,0.2524752616882324
P_64129_2,Precinct,Billère,2340,1,933,0.7266880869865417,0.28721803426742554
P_33273_1,Precinct,Martignas-sur-Jalle,1054,1,1175,0.8212766051292419,0.3050847351551056
M_33064,Municipality,Bossugan,1027,1,48,0.75,0.29411765933036804
M_33354,Municipality,Riocaud,1060,1,152,0.875,0.2631579041481018
M_64256,Municipality,Hasparren,2346,1,4837,0.845151960849762,0.25724276900291443
P_24520_1,Precinct,Sarlat-la-Canéda,685,1,794,0.8387909531593323,0.33537518978118896
M_33160,Municipality,Eynesse,1060,0,428,0.8434579372406006,0.3904494345188141
P_24322_16,Precinct,Périgueux,680,1,870,0.8275862336158752,0.3342898190021515
M_33433,Municipality,Saint-Loubès,1068,0,6260,0.8266773223876953,0.3245856463909149
M_33293,Municipality,Montussan,1068,1,2064,0.8439922332763672,0.30495625734329224
M_33295,Municipality,Mouillac,1063,1,84,0.9285714030265808,0.25
M_40285,Municipality,Saint-Yaguen,1386,1,484,0.8574380278587341,0.34079602360725403
P_40088_5,Precinct,Dax,1359,1,994,0.7565392255783081,0.33196720480918884
M_40211,Municipality,Orist,1373,0,499,0.9018036127090454,0.3600917458534241
P_40192_17,Precinct,Mont-de-Marsan,1367,0,1034,0.6315280199050903,0.3343749940395355
M_40222,Municipality,Pey,1373,1,541,0.8280960917472839,0.3761467933654785
M_33085,Municipality,Camblanes-et-Meynac,1025,1,2042,0.8628795146942139,0.32734647393226624
P_47001_18,Precinct,Agen,1610,1,776,0.7847937941551208,0.31613975763320923
M_47156,Municipality,Marcellus,1624,1,628,0.8614649772644043,0.2344045341014862
P_40088_9,Precinct,Dax,1359,1,964,0.773858904838562,0.30727022886276245
P_24037_1,Precinct,Bergerac,658,1,717,0.6847977638244629,0.26722338795661926
P_47001_23,Precinct,Agen,1610,1,572,0.8409090638160706,0.34893617033958435
P_33522_5,Precinct,Talence,1075,1,963,0.8587746620178223,0.38329237699508667
P_31157_5,Precinct,Cugnaux,943,0,794,0.8375315070152283,0.38473281264305115
M_82044,Municipality,Corbarieu,3087,1,1133,0.8578993678092957,0.29355859756469727
M_9142,Municipality,Ilhat,212,1,100,0.8199999928474426,0.3164556920528412
M_31036,Municipality,Auzielle,973,1,998,0.9158316850662231,0.336312860250473
M_9125,Municipality,Fougax-et-Barrineuf,211,0,397,0.7984886765480042,0.24437299370765686
M_31284,Municipality,Lauzerville,973,0,1053,0.9354225993156433,0.30124223232269287
P_46042_8,Precinct,Cahors,1594,1,1557,0.8150289058685303,0.38167330622673035
P_31118_3,Precinct,Castelnau-d'Estrétefonds,947,1,1121,0.8376449346542358,0.28371089696884155
M_31069,Municipality,Blagnac,934,1,14891,0.8459472060203552,0.35540518164634705
P_81065_2,Precinct,Castres,3063,1,907,0.7684674859046936,0.24815361201763153
P_12202_10,Precinct,Rodez,287,1,984,0.8160569071769714,0.3450881540775299
M_46003,Municipality,Alvignac,1598,1,576,0.8697916865348816,0.3142857253551483
M_65238,Municipality,Labassère,2380,1,223,0.8116592168807983,0.42222222685813904
M_82148,Municipality,Puylaroque,3096,1,565,0.8407079577445984,0.2446351945400238
M_31407,Municipality,Paulhac,961,1,891,0.8933781981468201,0.27684345841407776
P_81271_6,Precinct,Saint-Sulpice,3077,1,909,0.9020901918411255,0.3193069398403168
M_82079,Municipality,Labastide-Saint-Pierre,3087,0,2481,0.833534836769104,0.27443239092826843
P_81271_1,Precinct,Saint-Sulpice,3077,1,987,0.8490374684333801,0.2967430651187897
M_46163,Municipality,Laval-de-Cère,1593,0,261,0.8160919547080994,0.4106280207633972
P_12202_15,Precinct,Rodez,287,1,651,0.8033794164657593,0.4074803292751312
M_31049,Municipality,Bazus,961,0,476,0.894957959651947,0.25653207302093506
M_65451,Municipality,Trébons,2380,0,655,0.8381679654121399,0.37707948684692383
P_32013_7,Precinct,Auch,987,1,1188,0.8030303120613098,0.3816216289997101
M_9160,Municipality,Lavelanet,212,1,4868,0.778759241104126,0.3375641405582428
P_32013_1,Precinct,Auch,987,1,898,0.7750557065010071,0.3704245984554291
P_31033_6,Precinct,Auterive,928,1,1072,0.7845149040222168,0.2857142984867096
M_65060,Municipality,Banios,2380,1,55,0.8363636136054993,0.20930232107639313
M_82136,Municipality,Orgueil,3087,1,1003,0.9012961387634277,0.2794612646102905
M_31150,Municipality,Cornebarrieu,934,0,3763,0.868987500667572,0.2882995307445526
M_31228,Municipality,Gragnague,961,1,1375,0.8945454359054565,0.27717843651771545
M_31358,Municipality,Montastruc-la-Conseillère,961,1,2364,0.8654822111129761,0.29890763759613037
M_46078,Municipality,Couzou,1598,0,94,0.7553191781044006,0.11428571492433548
P_32013_3,Precinct,Auch,987,1,914,0.8118162155151367,0.3415977954864502
M_46142,Municipality,Lacapelle-Cabanac,1607,1,128,0.90625,0.3362831771373749
M_46156,Municipality,Laroque-des-Arcs,1606,1,389,0.8868894577026367,0.3830409348011017
P_82112_3,Precinct,Moissac,3089,1,975,0.818461537361145,0.30562660098075867
M_46213,Municipality,Padirac,1598,1,157,0.8789808750152588,0.277372270822525
M_46193,Municipality,Miers,1598,1,339,0.9115044474601746,0.31456953287124634
M_31160,Municipality,Daux,934,1,1298,0.937596321105957,0.30234506726264954
M_46229,Municipality,Puybrun,1593,1,704,0.875,0.43585526943206787
M_46029,Municipality,Biars-sur-Cère,1593,1,1425,0.870877206325531,0.42247745394706726
M_65410,Municipality,Sarrouilles,2397,1,476,0.8046218752861023,0.312834233045578
P_81004_3,Precinct,Albi,3061,1,827,0.7883917689323425,0.31221020221710205
M_46321,Municipality,Touzac,1607,1,278,0.8273381590843201,0.331877738237381
M_31506,Municipality,Saint-Orens-de-Gameville,973,1,8479,0.8852459192276001,0.31266918778419495
M_31383,Municipality,Montjoire,961,1,963,0.8556594252586365,0.2857142984867096
M_46231,Municipality,Puy-l'Evêque,1607,1,1606,0.8231631517410278,0.3095238208770752
M_82129,Municipality,Montgaillard,3094,1,82,0.8780487775802612,0.2361111044883728
P_82121_19,Precinct,Montauban,3090,1,836,0.7165071964263916,0.2954159677028656
M_46112,Municipality,Francoulès,1606,0,178,0.8764045238494873,0.29870128631591797
M_9336,Municipality,Villeneuve-d'Olmes,212,1,894,0.8579418063163757,0.3137516677379608
M_65125,Municipality,Campistrous,2392,1,279,0.842293918132782,0.3862660825252533
P_31458_1,Precinct,Roques,968,1,1003,0.8315054774284363,0.34068626165390015
M_46061,Municipality,Cassagnes,1607,1,159,0.849056601524353,0.31343284249305725
M_82188,Municipality,Varennes,3087,1,438,0.8424657583236694,0.2527777850627899
P_81065_9,Precinct,Castres,3063,1,1203,0.7788861393928528,0.3939064145088196
M_82187,Municipality,Varen,3096,1,555,0.8432432413101196,0.32679739594459534
P_32013_12,Precinct,Auch,987,1,1141,0.80631023645401,0.3596881926059723
M_82174,Municipality,Saint-Vincent,3085,0,238,0.8739495873451233,0.17326731979846954
P_82112_4,Precinct,Moissac,3089,1,1217,0.8159408569335938,0.32161322236061096
P_31433_2,Precinct,Portet-sur-Garonne,968,1,778,0.8637531995773315,0.33585476875305176
P_31118_1,Precinct,Castelnau-d'Estrétefonds,947,1,1019,0.844946026802063,0.2511904835700989
M_9250,Municipality,Roquefort-les-Cascades,211,1,103,0.8252426981925964,0.42168673872947693
P_82121_8,Precinct,Montauban,3090,1,894,0.8366890549659729,0.3760218024253845
P_81004_29,Precinct,Albi,3061,1,896,0.7912946343421936,0.47782546281814575
P_81271_3,Precinct,Saint-Sulpice,3077,1,949,0.8904109597206116,0.28502994775772095
P_31033_5,Precinct,Auterive,928,0,1140,0.8184210658073425,0.2872687578201294
P_31433_7,Precinct,Portet-sur-Garonne,968,1,998,0.8216432929039001,0.4095940887928009
M_46313,Municipality,Tauriac,1593,1,288,0.90625,0.420634925365448
P_81004_23,Precinct,Albi,3061,0,1038,0.7947976589202881,0.3469640612602234
M_31056,Municipality,Beauzelle,934,1,4159,0.8663139939308167,0.32617905735969543
M_9126,Municipality,Freychenet,211,1,93,0.8064516186714172,0.45945945382118225
M_46095,Municipality,Espère,1606,1,707,0.8797736763954163,0.3764320909976959
M_65150,Municipality,Clarens,2392,1,393,0.8702290058135986,0.375
P_12202_3,Precinct,Rodez,287,1,754,0.826259970664978,0.3501628637313843
M_82126,Municipality,Monteils,3085,1,988,0.8937246799468994,0.22943221032619476
M_82029,Municipality,Castanet,3095,1,202,0.8267326951026917,0.3658536672592163
P_81004_9,Precinct,Albi,3061,1,1231,0.8212835192680359,0.3113590180873871
M_82166,Municipality,Saint-Michel,3096,0,192,0.8020833134651184,0.2368421107530594
P_31033_3,Precinct,Auterive,928,1,1003,0.776669979095459,0.27659574151039124
P_81099_7,Precinct,Gaillac,3064,1,785,0.7363057136535645,0.2922535240650177
P_31433_6,Precinct,Portet-sur-Garonne,968,1,855,0.8257309794425964,0.384172648191452
M_46307,Municipality,Soturac,1607,0,491,0.8533604741096497,0.32592591643333435
M_82104,Municipality,Marsac,3095,1,128,0.875,0.33944955468177795
M_82022,Municipality,Bourg-de-Visa,3096,1,314,0.8503184914588928,0.19847328960895538
M_65059,Municipality,Bagnères-de-Bigorre,2380,1,5977,0.7928726673126221,0.36671704053878784
P_46042_9,Precinct,Cahors,1594,1,1509,0.8124585747718811,0.40549543499946594
P_31033_2,Precinct,Auterive,928,1,1191,0.8648194670677185,0.25914934277534485
P_46042_1,Precinct,Cahors,1594,0,1350,0.7918518781661987,0.3638095259666443
M_65417,Municipality,Séméac,2397,1,3818,0.8289680480957031,0.3606451749801636
M_82151,Municipality,Roquecor,3094,1,286,0.8216783404350281,0.2887931168079376
P_81099_4,Precinct,Gaillac,3064,1,824,0.7779126167297363,0.33547350764274597
M_82037,Municipality,Caussade,3085,1,4624,0.8442906737327576,0.29662567377090454
P_31033_1,Precinct,Auterive,928,1,1052,0.8013308048248291,0.310513436794281
P_81065_18,Precinct,Castres,3063,1,1048,0.7347328066825867,0.3597315549850464
M_46128,Municipality,Gramat,1598,1,2659,0.8409176468849182,0.3431684076786041
P_82112_7,Precinct,Moissac,3089,1,802,0.8304239511489868,0.23502303659915924
M_82010,Municipality,Bardigues,3094,0,185,0.908108115196228,0.20245398581027985
M_9080,Municipality,Carla-de-Roquefort,212,0,132,0.8636363744735718,0.3513513505458832
M_65258,Municipality,Lannemezan,2392,1,3829,0.8009924292564392,0.36132484674453735
M_9206,Municipality,Montferrier,211,1,586,0.8105801939964294,0.3297644555568695
M_46149,Municipality,Lamagdelaine,1606,1,634,0.8927444815635681,0.35791367292404175
P_81065_25,Precinct,Castres,3063,0,1165,0.7390558123588562,0.3333333432674408
M_65245,Municipality,Lagrange,2392,0,206,0.8592233061790466,0.3410404622554779
M_65338,Municipality,Orignac,2380,1,209,0.8851674795150757,0.4806629717350006
P_46042_4,Precinct,Cahors,1594,1,1548,0.8204134106636047,0.34342628717422485
M_82050,Municipality,Dunes,3095,1,986,0.8215010166168213,0.19472362101078033
M_82109,Municipality,Merles,3095,1,158,0.8481012582778931,0.21374045312404633
M_65363,Municipality,Pinas,2392,1,457,0.8118162155151367,0.39118456840515137
P_81004_28,Precinct,Albi,3061,1,974,0.8039014339447021,0.42800527811050415
P_81099_5,Precinct,Gaillac,3064,1,775,0.7587096691131592,0.2889273464679718
M_9168,Municipality,Lieurac,211,1,149,0.8657718300819397,0.3046875
P_82121_1,Precinct,Montauban,3090,1,1374,0.8027656674385071,0.3122130334377289
P_81065_1,Precinct,Castres,3063,1,679,0.754050076007843,0.2564612329006195
P_82112_1,Precinct,Moissac,3089,1,1461,0.7720739245414734,0.2545454502105713
M_46010,Municipality,Aujols,1606,1,256,0.91015625,0.3690987229347229
P_12202_12,Precinct,Rodez,287,1,944,0.8103813529014587,0.3627844750881195
M_82100,Municipality,Loze,3096,1,104,0.942307710647583,0.31182795763015747
P_81271_5,Precinct,Saint-Sulpice,3077,0,774,0.8527131676673889,0.32824426889419556
M_82159,Municipality,Saint-Cirq,3085,1,416,0.8822115659713745,0.2130681872367859
P_12202_11,Precinct,Rodez,287,0,910,0.7318681478500366,0.36866360902786255
P_82121_3,Precinct,Montauban,3090,1,1152,0.7873263955116272,0.27130043506622314
P_81099_2,Precinct,Gaillac,3064,1,804,0.7661691308021545,0.29499998688697815
M_46043,Municipality,Cahus,1593,1,181,0.889502763748169,0.42038217186927795
M_82027,Municipality,Campsas,3087,1,856,0.8796728849411011,0.30592992901802063
P_81271_4,Precinct,Saint-Sulpice,3077,1,903,0.8471760749816895,0.3466135561466217
M_82156,Municipality,Saint-Arroumex,3094,1,126,0.841269850730896,0.25242719054222107
P_82112_8,Precinct,Moissac,3089,0,1074,0.8100558519363403,0.3266509473323822
P_81099_3,Precinct,Gaillac,3064,0,856,0.8434579372406006,0.28248587250709534
P_31157_11,Precinct,Cugnaux,943,1,937,0.8452507853507996,0.3535483777523041
P_82121_6,Precinct,Montauban,3090,0,1201,0.8001665472984314,0.28038379549980164
P_32013_10,Precinct,Auch,987,0,1120,0.7383928298950195,0.4420921504497528
M_82153,Municipality,Saint-Amans-du-Pech,3095,0,142,0.8732394576072693,0.22764228284358978
M_31351,Municipality,Mondonville,934,1,2666,0.8822205662727356,0.31176725029945374
M_9165,Municipality,Lesparrou,212,1,201,0.8905472755432129,0.3636363744735718
M_82069,Municipality,Ginals,3094,1,172,0.819767415523529,0.2028985470533371
M_19207,Municipality,Saint-Germain-les-Vergnes,521,1,820,0.8963414430618286,0.44275861978530884
M_19256,Municipality,Sérandon,520,1,325,0.8399999737739563,0.4135338366031647
P_19272_8,Precinct,Tulle,529,1,767,0.8083441853523254,0.604234516620636
M_87080,Municipality,Jouac,3249,1,156,0.8012820482254028,0.2049180269241333
P_87085_43,Precinct,Limoges,3256,0,796,0.820351779460907,0.3914421498775482
M_87106,Municipality,Nexon,3257,1,1899,0.8615060448646545,0.3434971868991852
P_87085_15,Precinct,Limoges,3255,1,795,0.797484278678894,0.43800321221351624
M_19155,Municipality,Orliac-de-Bar,517,1,219,0.9178082346916199,0.49743589758872986
P_19275_4,Precinct,Ussel,531,1,1252,0.7835463285446167,0.43350785970687866
P_19272_9,Precinct,Tulle,529,1,778,0.7763496041297913,0.5454545617103577
P_19276_3,Precinct,Uzerche,532,0,744,0.8118279576301575,0.4176570475101471
M_19042,Municipality,Chanteix,521,1,518,0.8436293601989746,0.49882352352142334
M_19249,Municipality,Saint-Yrieix-le-Déjalat,522,0,351,0.8774929046630859,0.3853820562362671
M_19208,Municipality,Saint-Hilaire-Foissac,515,0,201,0.8557214140892029,0.4277108311653137
P_19272_2,Precinct,Tulle,529,1,692,0.8265895843505859,0.5616196990013123
P_87085_90,Precinct,Limoges,3254,1,1195,0.7430962324142456,0.44736841320991516
M_19008,Municipality,Ambrugeat,515,1,221,0.877828061580658,0.3969072103500366
M_87137,Municipality,Saint-Bazile,3250,0,112,0.8303571343421936,0.31521740555763245
M_87008,Municipality,La Bazeuge,3250,1,120,0.7416666746139526,0.24705882370471954
M_19106,Municipality,Lapleau,519,1,323,0.8885449171066284,0.43816253542900085
P_87085_37,Precinct,Limoges,3254,1,685,0.703649640083313,0.5106837749481201
P_19276_2,Precinct,Uzerche,532,0,605,0.8330578804016113,0.4137931168079376
M_19092,Municipality,Le Jardin,522,1,96,0.8541666865348816,0.5308641791343689
P_23096_6,Precinct,Guéret,654,1,1144,0.8103147149085999,0.421286016702652
M_87159,Municipality,Saint-Léger-la-Montagne,3249,1,299,0.8193979859352112,0.3514644205570221
M_19111,Municipality,Laval-sur-Luzège,518,1,96,0.875,0.42168673872947693
M_19206,Municipality,Saint-Germain-Lavolps,515,1,85,0.7764706015586853,0.4307692348957062
M_19160,Municipality,Pérols-sur-Vézère,518,1,186,0.8870967626571655,0.3048780560493469
M_19170,Municipality,Queyssac-les-Vignes,518,0,167,0.9041916131973267,0.442176878452301
M_19192,Municipality,Saint-Chamant,520,0,412,0.8713592290878296,0.4761904776096344
M_19176,Municipality,Rosiers-d'Egletons,522,1,914,0.8785557746887207,0.4872449040412903
P_87085_72,Precinct,Limoges,3255,0,759,0.8023715615272522,0.4661017060279846
M_19084,Municipality,Forgès,519,0,266,0.8157894611358643,0.48372092843055725
M_19038,Municipality,Chameyrat,521,1,1305,0.8919540047645569,0.5951346755027771
M_87134,Municipality,Sainte-Anne-Saint-Priest,3250,1,121,0.8429751992225647,0.2673267424106598
P_19031_12,Precinct,Brive-la-Gaillarde,513,1,868,0.7085253596305847,0.5281456708908081
M_87132,Municipality,Saint-Amand-le-Petit,3248,0,92,0.8152173757553101,0.44594594836235046
M_87181,Municipality,Saint-Sulpice-Laurière,3248,1,708,0.8107344508171082,0.35611510276794434
M_87054,Municipality,Cussac,3251,1,926,0.8099352121353149,0.29655173420906067
M_19225,Municipality,Saint-Merd-de-Lapleau,515,1,160,0.84375,0.43703705072402954
M_19017,Municipality,Bassignac-le-Bas,516,1,88,0.8295454382896423,0.36986300349235535
P_19031_31,Precinct,Brive-la-Gaillarde,514,1,660,0.7924242615699768,0.41060903668403625
M_87077,Municipality,Janailhac,3257,1,388,0.873711347579956,0.33134329319000244
M_87127,Municipality,La Roche-l'Abeille,3257,1,503,0.8548707962036133,0.3938679099082947
P_19031_24,Precinct,Brive-la-Gaillarde,514,0,679,0.8173785209655762,0.3933209776878357
M_19245,Municipality,Saint-Sylvain,516,1,110,0.7818182110786438,0.5432098507881165
M_19083,Municipality,Feyt,517,1,117,0.8803418874740601,0.42574256658554077
P_19276_1,Precinct,Uzerche,532,1,603,0.8026533722877502,0.44397464394569397
M_87149,Municipality,Saint-Hilaire-la-Treille,3250,1,294,0.853741466999054,0.39024388790130615
P_19031_13,Precinct,Brive-la-Gaillarde,514,1,1081,0.7659574747085571,0.40148699283599854
M_19022,Municipality,Benayes,519,1,252,0.89682537317276,0.5066666603088379
M_19228,Municipality,Saint-Pantaléon-de-Lapleau,515,1,68,0.8676470518112183,0.5254237055778503
M_19073,Municipality,Egletons,522,1,2418,0.8473945260047913,0.4061722159385681
M_87043,Municipality,Cheissoux,3248,1,164,0.8719512224197388,0.32374101877212524
M_19258,Municipality,Servières-le-Château,518,1,444,0.8716216087341309,0.4803149700164795
M_19265,Municipality,Tarnac,519,1,313,0.8083066940307617,0.28458496928215027
P_23096_8,Precinct,Guéret,654,1,1344,0.7790178656578064,0.4338521361351013
M_19045,Municipality,La Chapelle-Saint-Géraud,519,1,201,0.8308457732200623,0.4363636374473572
M_87133,Municipality,Saint-Amand-Magnazeix,3251,0,432,0.8611111044883728,0.3351648449897766
P_87085_62,Precinct,Limoges,3255,1,746,0.722520112991333,0.469696968793869
M_19082,Municipality,Favars,521,1,837,0.9080047607421875,0.47482994198799133
M_19132,Municipality,Ménoire,520,1,86,0.8372092843055725,0.5633803009986877
P_87085_74,Precinct,Limoges,3255,1,677,0.7799113988876343,0.44961240887641907
M_19086,Municipality,Goulles,517,1,291,0.800687313079834,0.4181034564971924
M_87092,Municipality,Marval,3251,1,382,0.7984293103218079,0.33445945382118225
M_19218,Municipality,Saint-Julien-près-Bort,518,1,382,0.8089005351066589,0.43521595001220703
P_19031_16,Precinct,Brive-la-Gaillarde,513,0,829,0.7696019411087036,0.5032258033752441
P_19275_3,Precinct,Ussel,531,1,1575,0.8082539439201355,0.44931063055992126
P_87085_12,Precinct,Limoges,3256,1,1030,0.7524271607398987,0.45611703395843506
P_87085_4,Precinct,Limoges,3256,1,972,0.7695473432540894,0.4556616544723511
M_19020,Municipality,Beaumont,517,1,109,0.8990825414657593,0.550561785697937
M_87169,Municipality,Saint-Maurice-les-Brousses,3257,0,655,0.9007633328437805,0.30662021040916443
M_87090,Municipality,Mailhac-sur-Benaize,3251,1,257,0.8171206116676331,0.2807881832122803
M_87024,Municipality,Bujaleuf,3250,1,710,0.8690140843391418,0.37479540705680847
M_87160,Municipality,Saint-Léger-Magnazeix,3249,0,372,0.8118279576301575,0.25503355264663696
P_19031_17,Precinct,Brive-la-Gaillarde,514,1,850,0.6917647123336792,0.31239092350006104
M_87157,Municipality,Saint-Laurent-les-Eglises,3249,1,676,0.8727810382843018,0.361921101808548
M_87163,Municipality,Saint-Martial-sur-Isop,3248,1,85,0.800000011920929,0.29230770468711853
M_19137,Municipality,Meyrignac-l'Eglise,516,1,61,0.8524590134620667,0.3199999928474426
P_87085_70,Precinct,Limoges,3254,1,724,0.7569060921669006,0.4188191890716553
P_23096_7,Precinct,Guéret,654,1,1073,0.7791239619255066,0.36141636967658997
M_87087,Municipality,Lussac-les-Eglises,3249,1,428,0.7219626307487488,0.3265993297100067
P_87085_9,Precinct,Limoges,3254,1,723,0.6168741583824158,0.46013668179512024
P_23096_4,Precinct,Guéret,654,0,1348,0.8204748034477234,0.43014705181121826
P_87085_63,Precinct,Limoges,3256,1,660,0.7136363387107849,0.42424243688583374
M_19021,Municipality,Bellechassagne,517,0,88,0.875,0.5194805264472961
M_87096,Municipality,La Meyze,3257,1,717,0.7991631627082825,0.3646017611026764
P_19031_25,Precinct,Brive-la-Gaillarde,514,1,842,0.7779097557067871,0.4444444477558136
M_19070,Municipality,Darnets,522,1,312,0.8782051205635071,0.4428044259548187
P_19031_27,Precinct,Brive-la-Gaillarde,513,1,655,0.7450381517410278,0.4645833373069763
M_19028,Municipality,Bort-les-Orgues,520,1,2229,0.8174068927764893,0.4528619647026062
P_87085_30,Precinct,Limoges,3256,1,859,0.7450523972511292,0.33544304966926575
M_87153,Municipality,Saint-Julien-le-Petit,3248,1,301,0.7740863561630249,0.321739137172699
P_19272_13,Precinct,Tulle,529,0,624,0.8333333134651184,0.591796875
P_19031_33,Precinct,Brive-la-Gaillarde,513,1,875,0.7074285745620728,0.5016340017318726
P_87085_86,Precinct,Limoges,3254,0,769,0.7360208034515381,0.4000000059604645
P_19275_1,Precinct,Ussel,531,0,1089,0.7988981008529663,0.4103773534297943
P_19031_14,Precinct,Brive-la-Gaillarde,513,1,627,0.6842105388641357,0.6150234937667847
M_19227,Municipality,Saint-Mexant,521,0,1021,0.9226248860359192,0.5374592542648315
P_19272_7,Precinct,Tulle,529,1,843,0.8007117509841919,0.5718607902526855
M_19026,Municipality,Bilhac,516,0,178,0.8483145833015442,0.4370861053466797
M_19149,Municipality,Neuville,520,1,207,0.8599033951759338,0.5397727489471436
M_19087,Municipality,Gourdon-Murat,516,1,100,0.8600000143051147,0.2839506268501282
M_87057,Municipality,Dompierre-les-Eglises,3251,1,297,0.8215488195419312,0.3125
P_87085_78,Precinct,Limoges,3255,1,707,0.7694483995437622,0.3973880708217621
P_23096_2,Precinct,Guéret,654,1,748,0.7446523904800415,0.4128440320491791
P_69034_15,Precinct,Caluire-et-Cuire,2530,1,651,0.7634408473968506,0.32924336194992065
M_73203,Municipality,Pontamafrey-Montpascal,2717,1,375,0.8080000281333923,0.2800000011920929
P_69029_18,Precinct,Bron,2529,1,590,0.7118644118309021,0.5474452376365662
P_26281_10,Precinct,Romans-sur-Isère,755,1,902,0.5864744782447815,0.5802707672119141
P_26281_2,Precinct,Romans-sur-Isère,755,0,1598,0.8210262656211853,0.2884615361690521
M_74197,Municipality,Nangy,2728,1,846,0.8451536893844604,0.20679886639118195
M_26185,Municipality,Mirmande,749,1,435,0.8436781764030457,0.3123287558555603
M_1329,Municipality,Rossillon,2,1,141,0.8723404407501221,0.25619834661483765
P_69386_601,Precinct,"Lyon, 6e arrondissement",2551,1,758,0.771767795085907,0.27508649230003357
M_42113,Municipality,Jas,1420,1,192,0.8229166865348816,0.21019108593463898
P_74042_6,Precinct,Bonneville,2723,1,990,0.765656590461731,0.2600536048412323
P_74281_10,Precinct,Thonon-les-Bains,2750,1,1117,0.671441376209259,0.359183669090271
M_26338,Municipality,Sauzet,750,1,1526,0.8879423141479492,0.24018126726150513
M_7126,Municipality,Lagorce,174,1,805,0.8919254541397095,0.2542613744735718
M_73237,Municipality,Saint-Georges-des-Hurtières,2694,0,275,0.803636372089386,0.2136363685131073
M_38566,Municipality,Vourey,1316,1,1290,0.8635658621788025,0.2757352888584137
M_69179,Municipality,Saint-Andéol-le-Château,2540,0,1110,0.8963963985443115,0.279591828584671
M_26312,Municipality,Saint-Marcel-lès-Sauzet,750,1,979,0.8457610011100769,0.20710784196853638
P_73087_3,Precinct,Cognin,2703,1,1167,0.8166238069534302,0.31063830852508545
M_74062,Municipality,Charvonnex,2738,1,872,0.8589449524879456,0.19341564178466797
M_73171,Municipality,Montmélian,2711,0,2323,0.8265174627304077,0.3358169198036194
M_7347,Municipality,Vocance,157,1,517,0.7794970870018005,0.22646310925483704
M_74225,Municipality,Rumilly,2740,1,8331,0.8032649159431458,0.2435721904039383
M_1281,Municipality,Ornex,18,0,1653,0.820931613445282,0.2281879186630249
M_1200,Municipality,Labalme,1,1,121,0.8512396812438965,0.23762376606464386
M_7330,Municipality,Vallon-Pont-d'Arc,174,0,1922,0.8194589018821716,0.28821244835853577
M_26102,Municipality,Condillac,750,1,122,0.868852436542511,0.25961539149284363
P_73087_1,Precinct,Cognin,2703,0,1046,0.8078393936157227,0.2644927501678467
P_38169_10,Precinct,Fontaine,1267,1,1070,0.7897196412086487,0.37831324338912964
M_26011,Municipality,Aouste-sur-Sye,737,1,1707,0.8465143442153931,0.2618207335472107
M_42032,Municipality,Cellieu,1425,1,1197,0.9014202356338501,0.21751412749290466
P_69286_8,Precinct,Rillieux-la-Pape,2565,1,1087,0.7138914465904236,0.4289473593235016
P_26362_1,Precinct,Valence,765,1,1054,0.7267552018165588,0.27404478192329407
P_26198_4,Precinct,Montélimar,751,0,1027,0.7361246347427368,0.2604026794433594
M_74139,Municipality,Habère-Lullin,2725,0,680,0.7941176295280457,0.21132075786590576
P_73098_1,Precinct,Les Déserts,2715,0,499,0.8537074327468872,0.1773049682378769
M_74198,Municipality,Nâves-Parmelan,2738,1,812,0.8842364549636841,0.23836389183998108
M_7324,Municipality,Tournon-sur-Rhône,173,1,7381,0.8160141110420227,0.27872735261917114
M_69295,Municipality,Simandres,2571,1,1184,0.8707770109176636,0.21358267962932587
M_7006,Municipality,Albon d'Ardèche,156,0,142,0.8309859037399292,0.21739129722118378
M_69046,Municipality,Charly,2579,1,3435,0.8893740773200989,0.2143803834915161
P_69381_115,Precinct,"Lyon, 1er arrondissement",2545,1,866,0.8083140850067139,0.364553302526474
M_73318,Municipality,Villarembert,2717,1,271,0.7564575672149658,0.17733989655971527
M_42094,Municipality,Feurs,1420,0,5539,0.7952699065208435,0.24048003554344177
P_74281_13,Precinct,Thonon-les-Bains,2750,1,932,0.7435622215270996,0.2650957405567169
M_74026,Municipality,La Balme-de-Sillingy,2737,0,3360,0.8282738327980042,0.22599488496780396
P_73011_8,Precinct,Albertville,2697,1,1657,0.7079058289527893,0.3188908100128174
M_26221,Municipality,Omblèze,737,1,90,0.8666666746139526,0.24358974397182465
M_69297,Municipality,Ternay,2571,0,3515,0.8617354035377502,0.24413146078586578
P_1283_8,Precinct,Oyonnax,30,1,1162,0.6721170544624329,0.43410852551460266
M_74244,Municipality,Saint-Laurent,2734,1,613,0.8727569580078125,0.20493358373641968
M_73272,Municipality,Saint-Pierre-de-Belleville,2694,1,151,0.8410596251487732,0.29133859276771545
M_38048,Municipality,Bonnefamille,1321,1,866,0.8441108465194702,0.2682584226131439
P_73190_2,Precinct,Notre-Dame-du-Pré,2712,0,143,0.8041958212852478,0.1785714328289032
M_7201,Municipality,Ruoms,169,0,1833,0.7954173684120178,0.21927374601364136
M_7274,Municipality,Saint-Maurice-en-Chalencon,155,1,165,0.8303030133247375,0.2761194109916687
P_69387_733,Precinct,"Lyon, 7e arrondissement",2552,1,999,0.7217217087745667,0.40395480394363403
M_7086,Municipality,Etables,173,1,542,0.9132841229438782,0.2217659205198288
M_26097,Municipality,Cliousclat,749,1,525,0.8780952095985413,0.24115043878555298
P_69089_9,Precinct,Francheville,2539,1,612,0.8937908411026001,0.27624309062957764
M_1167,Municipality,Garnerans,36,1,501,0.8942115902900696,0.19907407462596893
P_69029_9,Precinct,Bron,2529,1,1093,0.6468435525894165,0.5107913613319397
M_38339,Municipality,Roche,1321,1,1458,0.8614540696144104,0.1877022683620453
M_74089,Municipality,Cordon,2745,1,824,0.8288834691047668,0.11738484352827072
M_73151,Municipality,Les Marches,2711,1,1773,0.8584320545196533,0.2555331885814667
M_7217,Municipality,Saint-Barthélemy-le-Plain,173,1,632,0.8765822649002075,0.19003690779209137
M_7151,Municipality,Mars,157,1,222,0.8288288116455078,0.2914285659790039
M_26195,Municipality,Montclar-sur-Gervanne,736,1,163,0.8650306463241577,0.25531914830207825
M_7025,Municipality,Barnas,157,0,209,0.8181818127632141,0.2248520702123642
M_7104,Municipality,Issamoulenc,156,1,115,0.7043478488922119,0.2874999940395355
M_42208,Municipality,Saint-Christo-en-Jarez,1425,0,1264,0.9287974834442139,0.15109170973300934
M_7167,Municipality,Ollières-sur-Eyrieux (Les),156,1,763,0.7968544960021973,0.30000001192092896
M_7275,Municipality,Saint-Mélany,155,1,97,0.8247422575950623,0.3417721390724182
P_26165_2,Precinct,Livron-sur-Drôme,748,0,805,0.8062111735343933,0.28081122040748596
P_42187_9,Precinct,Roanne,1439,0,1205,0.820746898651123,0.3034055829048157
M_7278,Municipality,Saint-Michel-de-Chabrillanoux,155,0,309,0.844660222530365,0.2766798436641693
M_69010,Municipality,L'Arbresle,2543,0,3858,0.8252980709075928,0.2766912579536438
P_1053_16,Precinct,Bourg-en-Bresse,9,1,1018,0.7465618848800659,0.3319838047027588
P_69029_10,Precinct,Bron,2529,1,889,0.715410590171814,0.38694268465042114
P_69202_9,Precinct,Sainte-Foy-lès-Lyon,2573,1,692,0.8078034520149231,0.283905953168869
P_74042_7,Precinct,Bonneville,2723,1,964,0.7385892271995544,0.25931233167648315
P_69386_606,Precinct,"Lyon, 6e arrondissement",2551,1,913,0.7984666228294373,0.2752808928489685
P_69275_11,Precinct,Décines-Charpieu,2536,1,703,0.7596017122268677,0.29032257199287415
M_1308,Municipality,Pougny,1,0,413,0.7578692436218262,0.23701298236846924
M_1403,Municipality,Serrières-de-Briord,1,1,843,0.8303677439689636,0.2235294133424759
M_7101,Municipality,Grospierres,169,1,645,0.8418604731559753,0.25794392824172974
P_74281_14,Precinct,Thonon-les-Bains,2750,0,840,0.7345238327980042,0.27574750781059265
M_7218,Municipality,Saint-Basile,165,1,295,0.8508474826812744,0.2633744776248932
P_69089_3,Precinct,Francheville,2539,1,828,0.8900966048240662,0.2557823061943054
P_69384_409,Precinct,"Lyon, 4e arrondissement",2549,0,1014,0.8234714269638062,0.3386114537715912
M_7290,Municipality,Saint-Prix,165,1,210,0.8666666746139526,0.19662921130657196
P_1283_9,Precinct,Oyonnax,30,1,1102,0.7023593187332153,0.3968668282032013
P_7319_3,Precinct,Teil (Le),172,1,950,0.7663158178329468,0.2733612358570099
P_1283_6,Precinct,Oyonnax,30,1,1123,0.7141584753990173,0.3350125849246979
M_1331,Municipality,Saint-Alban,1,1,135,0.8888888955116272,0.2689075767993927
P_38507_1,Precinct,Tignieu-Jameyzieu,1258,1,893,0.8376259803771973,0.2612859010696411
M_42320,Municipality,Valfleury,1425,1,448,0.9263392686843872,0.15024630725383759
M_26234,Municipality,Piégros-la-Clastre,737,0,724,0.8218231797218323,0.23720136284828186
P_38169_6,Precinct,Fontaine,1267,0,1147,0.7462946772575378,0.359281450510025
P_73181_2,Precinct,Moûtiers,2712,1,990,0.7484848499298096,0.2113259732723236
M_26347,Municipality,Tain-l'Hermitage,763,1,3903,0.8447348475456238,0.25201988220214844
P_73064_1,Precinct,Challes-les-Eaux,2699,1,1380,0.8355072736740112,0.2058303952217102
P_42187_6,Precinct,Roanne,1439,1,896,0.7779017686843872,0.3226277232170105
P_69381_116,Precinct,"Lyon, 1er arrondissement",2545,1,758,0.7730870842933655,0.39826086163520813
M_73248,Municipality,Saint-Jean-de-Maurienne,2717,0,5036,0.7871326208114624,0.2666151523590088
P_69381_113,Precinct,"Lyon, 1er arrondissement",2545,0,1260,0.7801587581634521,0.35227271914482117
P_69386_610,Precinct,"Lyon, 6e arrondissement",2551,1,1201,0.8093255758285522,0.2845275104045868
P_69387_732,Precinct,"Lyon, 7e arrondissement",2552,1,1201,0.7210657596588135,0.3263157904148102
M_74219,Municipality,Quintal,2748,1,872,0.8887614607810974,0.1834862381219864
M_26166,Municipality,Loriol-sur-Drôme,749,1,4163,0.8042277097702026,0.25623100996017456
M_74315,Municipality,Yvoire,2746,1,651,0.7941628098487854,0.16460905969142914
P_69381_109,Precinct,"Lyon, 1er arrondissement",2545,1,859,0.7951105833053589,0.4073529541492462
P_26165_1,Precinct,Livron-sur-Drôme,748,1,928,0.7866379022598267,0.21927374601364136
M_26119,Municipality,Erôme,763,0,582,0.8848797082901001,0.21756486594676971
M_74076,Municipality,Choisy,2737,1,1267,0.8508287072181702,0.20283019542694092
M_42202,Municipality,Saint-Barthélemy-Lestra,1420,1,542,0.8579335808753967,0.2962138056755066
P_69384_403,Precinct,"Lyon, 4e arrondissement",2549,1,1131,0.8364279270172119,0.34297963976860046
P_42187_16,Precinct,Roanne,1439,1,1179,0.8091602921485901,0.2877005338668823
P_38169_4,Precinct,Fontaine,1267,1,1292,0.7569659352302551,0.37669095396995544
M_1295,Municipality,Peyzieux-sur-Saône,36,1,334,0.901197612285614,0.18918919563293457
P_42187_4,Precinct,Roanne,1439,1,1189,0.8040370345115662,0.2826780080795288
M_74050,Municipality,Burdignin,2725,1,508,0.8188976645469666,0.1833740770816803
M_1420,Municipality,Thoissey,36,1,1045,0.738756000995636,0.19628646969795227
P_42187_19,Precinct,Roanne,1439,1,1120,0.800000011920929,0.33371299505233765
P_42237_1,Precinct,Saint-Jean-Bonnefonds,1451,1,1000,0.8009999990463257,0.30423620343208313
M_7076,Municipality,Cruas,157,1,2151,0.8168293833732605,0.25435540080070496
M_69133,Municipality,Millery,2579,1,2816,0.8845880627632141,0.22367346286773682
P_26064_3,Precinct,Chabeuil,734,1,1309,0.845683753490448,0.21302326023578644
M_74253,Municipality,Saint-Sixt,2734,1,685,0.8510949015617371,0.20141342282295227
M_74045,Municipality,Le Bouchet,2752,1,181,0.889502763748169,0.16352201998233795
M_42066,Municipality,Cleppé,1420,1,438,0.8652967810630798,0.2049180269241333
M_74263,Municipality,Sciez,2746,1,3881,0.7688739895820618,0.18576271831989288
M_74217,Municipality,Pringy,2738,1,2794,0.8700787425041199,0.20257368683815002
P_1031_1,Precinct,Bellignat,8,1,1059,0.7780925631523132,0.180811807513237
P_1053_3,Precinct,Bourg-en-Bresse,9,1,967,0.6266804337501526,0.42809364199638367
P_69202_11,Precinct,Sainte-Foy-lès-Lyon,2573,0,783,0.7943806052207947,0.33278688788414
M_69291,Municipality,Saint-Symphorien-d'Ozon,2571,1,3588,0.8428093791007996,0.23333333432674408
P_69387_734,Precinct,"Lyon, 7e arrondissement",2552,0,1017,0.764011800289154,0.3727034032344818
P_69386_605,Precinct,"Lyon, 6e arrondissement",2551,0,1067,0.7891284227371216,0.2939068078994751
P_26198_10,Precinct,Montélimar,751,1,1443,0.805266797542572,0.35489511489868164
P_69034_13,Precinct,Caluire-et-Cuire,2530,1,808,0.7772276997566223,0.20900321006774902
P_73190_1,Precinct,Notre-Dame-du-Pré,2712,0,127,0.7795275449752808,0.20879121124744415
P_69389_931,Precinct,"Lyon, 9e arrondissement",2555,1,703,0.6941678524017334,0.408713698387146
M_69268,Municipality,Vourles,2579,0,2426,0.866446852684021,0.19130434095859528
M_69118,Municipality,Loire-sur-Rhône,2540,1,1741,0.8632969260215759,0.193373903632164
P_38474_6,Precinct,Sassenage,1313,1,825,0.8545454740524292,0.27833572030067444
M_74202,Municipality,Nonglard,2737,1,398,0.8844221234321594,0.18390804529190063
M_7098,Municipality,Gourdon,168,1,78,0.7948718070983887,0.1803278625011444
M_26144,Municipality,Grane,737,1,1422,0.8642756938934326,0.24353627860546112
M_38026,Municipality,La Balme-les-Grottes,1293,1,633,0.8214849829673767,0.2137254923582077
M_69068,Municipality,Couzon-au-Mont-d'Or,2538,1,1719,0.8359511494636536,0.2503597140312195
M_26137,Municipality,Francillon-sur-Roubion,737,1,137,0.8759124279022217,0.24137930572032928
M_74103,Municipality,Domancy,2745,1,1536,0.8561198115348816,0.13161993026733398
M_73096,Municipality,Cruet,2711,1,838,0.8603818416595459,0.24255318939685822
P_69034_36,Precinct,Caluire-et-Cuire,2530,1,706,0.8300283551216125,0.27835050225257874
P_73326_2,Precinct,Vimines,2703,1,753,0.8764940500259399,0.2638036906719208
P_1283_7,Precinct,Oyonnax,30,0,1133,0.739629328250885,0.29769137501716614
M_69233,Municipality,Saint-Romain-au-Mont-d'Or,2538,1,848,0.8537735939025879,0.21118880808353424
P_26064_1,Precinct,Chabeuil,734,0,1137,0.8390501141548157,0.24200426042079926
P_26362_23,Precinct,Valence,765,1,1004,0.7410358786582947,0.4136054515838623
P_73064_3,Precinct,Challes-les-Eaux,2699,1,1201,0.8542881011962891,0.2341269850730896
P_26198_13,Precinct,Montélimar,751,1,1199,0.7114261984825134,0.3022700250148773
M_38247,Municipality,Montalieu-Vercieu,1293,1,1845,0.7653116583824158,0.2345767617225647
M_38320,Municipality,Porcieu-Amblagnieu,1293,0,1159,0.8317515254020691,0.22058823704719543
M_1113,Municipality,Condeissiat,14,0,546,0.8424908518791199,0.21826280653476715
M_26072,Municipality,Chantemerle-les-Blés,763,1,817,0.8445532321929932,0.28023597598075867
M_1146,Municipality,Dompierre-sur-Chalaronne,14,1,269,0.910780668258667,0.19917012751102448
M_69091,Municipality,Givors,2540,1,10856,0.7358142733573914,0.3380819261074066
P_69381_108,Precinct,"Lyon, 1er arrondissement",2545,1,698,0.7793696522712708,0.4033149182796478
M_1214,Municipality,Leyssard,1,1,121,0.8677685856819153,0.1650485396385193
M_74261,Municipality,Saxel,2725,1,280,0.8500000238418579,0.1287553608417511
P_73011_1,Precinct,Albertville,2697,0,1293,0.7834493517875671,0.1989898979663849
P_69089_5,Precinct,Francheville,2539,1,824,0.8652912378311157,0.34907010197639465
P_74042_5,Precinct,Bonneville,2723,1,945,0.7248677015304565,0.3731343150138855
P_1053_11,Precinct,Bourg-en-Bresse,9,1,1359,0.7409859895706177,0.3979695439338684
M_74268,Municipality,Seynod,2748,1,12814,0.8225378394126892,0.2661508619785309
P_42189_1,Precinct,Roche-la-Molière,1440,0,1077,0.835654616355896,0.25934314727783203
P_69385_528,Precinct,"Lyon, 5e arrondissement",2550,1,1024,0.806640625,0.2634146213531494
M_74179,Municipality,Mésigny,2737,1,562,0.891459047794342,0.1792260706424713
P_7319_4,Precinct,Teil (Le),172,1,1057,0.868495762348175,0.2442244291305542
M_1001,Municipality,L'Abergement-Clémenciat,14,1,592,0.8581081032752991,0.22444890439510345
M_74283,Municipality,Thusy,2740,1,771,0.8664072751998901,0.23999999463558197
P_42095_14,Precinct,Firminy,1421,1,886,0.7945823669433594,0.31647399067878723
M_1160,Municipality,Ferney-Voltaire,18,1,3636,0.8000550270080566,0.3013937175273895
P_1031_2,Precinct,Bellignat,8,1,1026,0.7173489332199097,0.2990264296531677
M_26169,Municipality,Malataverne,735,1,1387,0.8832011818885803,0.22807016968727112
M_74084,Municipality,Cons-Sainte-Colombe,2731,1,265,0.9018868207931519,0.26778241991996765
P_69029_22,Precinct,Bron,2529,1,810,0.6382716298103333,0.4990138113498688
P_26198_2,Precinct,Montélimar,751,1,1167,0.6606683731079102,0.2840314209461212
M_74102,Municipality,Dingy-Saint-Clair,2752,1,963,0.8670820593833923,0.2432432472705841
P_69202_10,Precinct,Sainte-Foy-lès-Lyon,2573,1,728,0.8214285969734192,0.2525423765182495
P_26362_34,Precinct,Valence,765,1,1041,0.6705090999603271,0.529411792755127
M_7079,Municipality,Désaignes,157,1,929,0.854682445526123,0.3122580647468567
M_69213,Municipality,Saint-Jean-de-Touslas,2540,1,567,0.9029982089996338,0.27799999713897705
P_74281_1,Precinct,Thonon-les-Bains,2750,1,641,0.6786271333694458,0.27039626240730286
P_69202_16,Precinct,Sainte-Foy-lès-Lyon,2573,1,907,0.7960308790206909,0.3295932710170746
M_74021,Municipality,Arthaz-Pont-Notre-Dame,2728,0,1022,0.8600782752037048,0.13218390941619873
M_74019,Municipality,Argonay,2738,0,1631,0.8687921762466431,0.21116678416728973
P_38507_3,Precinct,Tignieu-Jameyzieu,1258,1,799,0.8322903513908386,0.27863776683807373
P_1053_7,Precinct,Bourg-en-Bresse,9,0,1160,0.7749999761581421,0.29458239674568176
M_74040,Municipality,Bonne,2728,1,1944,0.8379629850387573,0.1677018702030182
M_7207,Municipality,Saint-Alban-Auriolles,169,1,793,0.8638083338737488,0.27761194109916687
M_69260,Municipality,Vernaison,2579,1,2978,0.8415043950080872,0.24443544447422028
M_7304,Municipality,Salavas,174,1,524,0.847328245639801,0.33638444542884827
M_74046,Municipality,Boussy,2740,1,389,0.8688945770263672,0.17220543324947357
M_74187,Municipality,Montmin,2731,0,269,0.7992565035820007,0.15094339847564697
M_74153,Municipality,Lucinges,2728,1,1203,0.799667477607727,0.18895965814590454
M_74167,Municipality,Marlens,2731,1,692,0.8569363951683044,0.2265758067369461
P_73011_2,Precinct,Albertville,2697,1,1487,0.7491593956947327,0.2332415133714676
M_1348,Municipality,Saint-Didier-sur-Chalaronne,36,0,1981,0.8112064599990845,0.16624365746974945
P_26281_9,Precinct,Romans-sur-Isère,755,1,1134,0.7292768955230713,0.3817734122276306
M_26121,Municipality,Espeluche,735,1,830,0.8734939694404602,0.2008426934480667
M_7004,Municipality,Ajoux,168,1,95,0.8842105269432068,0.22891566157341003
P_26281_1,Precinct,Romans-sur-Isère,755,1,1413,0.7714083790779114,0.283053994178772
M_7166,Municipality,Nozières,165,1,218,0.8302752375602722,0.20994475483894348
P_69286_13,Precinct,Rillieux-la-Pape,2565,0,785,0.6904458403587341,0.5227272510528564
M_74302,Municipality,Les Villards-sur-Thônes,2752,1,798,0.8433583974838257,0.14372164011001587
M_26098,Municipality,Cobonne,736,1,142,0.8661971688270569,0.3083333373069763
M_38517,Municipality,Tullins,1316,1,5280,0.8149621486663818,0.29358670115470886
M_38553,Municipality,Villefontaine,1321,1,10498,0.7673842906951904,0.3342604339122772
P_69275_20,Precinct,Décines-Charpieu,2536,1,862,0.7691415548324585,0.25999999046325684
P_42207_15,Precinct,Saint-Chamond,1442,0,1082,0.7652495503425598,0.34409937262535095
M_74224,Municipality,La Roche-sur-Foron,2734,1,6347,0.8287379741668701,0.23892773687839508
M_74007,Municipality,Amancy,2734,0,1554,0.853925347328186,0.17182663083076477
M_7216,Municipality,Saint-Barthélemy-Grozon,165,0,421,0.8836104273796082,0.22437673807144165
P_38169_3,Precinct,Fontaine,1267,1,976,0.7858606576919556,0.3627968430519104
P_42095_11,Precinct,Firminy,1421,1,680,0.7176470756530762,0.32780084013938904
P_26064_5,Precinct,Chabeuil,734,1,881,0.8535754680633545,0.21997301280498505
P_38474_7,Precinct,Sassenage,1313,0,808,0.8576732873916626,0.3036496341228485
M_74274,Municipality,Val-de-Fier,2740,1,382,0.8455497622489929,0.13793103396892548
P_73011_7,Precinct,Albertville,2697,1,1552,0.7545102834701538,0.30210158228874207
M_38263,Municipality,Morette,1316,1,320,0.893750011920929,0.3131672739982605
M_73168,Municipality,Montgilbert,2694,1,111,0.8018018007278442,0.16091954708099365
M_26339,Municipality,Savasse,750,0,1117,0.8191584348678589,0.2040133774280548
M_69168,Municipality,Rochetaillée-sur-Saône,2538,1,871,0.8886337280273438,0.18300653994083405
P_73098_2,Precinct,Les Déserts,2715,1,184,0.8695651888847351,0.2549019753932953
P_73011_6,Precinct,Albertville,2697,1,1590,0.7389937043190002,0.2661498785018921
M_74293,Municipality,Veigy-Foncenex,2746,1,1940,0.735567033290863,0.15629419684410095
M_73002,Municipality,Aiguebelle,2694,1,666,0.7942942976951599,0.23992322385311127
P_69384_401,Precinct,"Lyon, 4e arrondissement",2549,1,1332,0.81456458568573,0.34957826137542725
P_69286_7,Precinct,Rillieux-la-Pape,2565,1,1155,0.7272727489471436,0.4453883469104767
P_26198_11,Precinct,Montélimar,751,1,1011,0.7270029783248901,0.44813278317451477
M_74072,Municipality,Chevaline,2731,1,139,0.8489208817481995,0.18965516984462738
P_7319_5,Precinct,Teil (Le),172,1,1060,0.798113226890564,0.258142352104187
M_42103,Municipality,La Grand-Croix,1425,1,3026,0.8129543662071228,0.3459637463092804
M_69087,Municipality,Fontaines-Saint-Martin,2538,1,2110,0.8758293986320496,0.24134139716625214
P_69387_735,Precinct,"Lyon, 7e arrondissement",2552,1,1284,0.8014018535614014,0.3640824258327484
M_73276,Municipality,Saint-Pierre-de-Soucy,2711,1,331,0.8308157324790955,0.2118959128856659
M_7129,Municipality,Lamastre,165,1,1962,0.866462767124176,0.2751798629760742
M_7081,Municipality,Dompnac,155,1,82,0.8292682766914368,0.2537313401699066
P_73326_1,Precinct,Vimines,2703,1,751,0.8828229308128357,0.22595420479774475
P_73087_2,Precinct,Cognin,2703,1,1051,0.8192197680473328,0.29279810190200806
M_74186,Municipality,Montagny-les-Lanches,2748,0,450,0.8911111354827881,0.1944444477558136
M_26337,Municipality,Saulce-sur-Rhône,749,1,1243,0.848753035068512,0.22630560398101807
M_26005,Municipality,Allan,735,0,1256,0.8917197585105896,0.1913919448852539
M_26250,Municipality,Pont-de-l'Isère,763,1,2170,0.8562211990356445,0.2487725019454956
M_69171,Municipality,Sain-Bel,2543,1,1601,0.8188632130622864,0.2718822658061981
P_69286_9,Precinct,Rillieux-la-Pape,2565,1,927,0.7454153299331665,0.36106982827186584
P_69389_919,Precinct,"Lyon, 9e arrondissement",2555,1,926,0.6209503412246704,0.435943067073822
P_69384_411,Precinct,"Lyon, 4e arrondissement",2549,1,1017,0.8407079577445984,0.40639811754226685
P_74200_2,Precinct,Neuvecelle,2730,1,956,0.8294979333877563,0.18646232783794403
P_42207_3,Precinct,Saint-Chamond,1442,1,685,0.6802919507026672,0.3464912176132202
M_74199,Municipality,Nernier,2746,1,384,0.7057291865348816,0.20370370149612427
P_42237_4,Precinct,Saint-Jean-Bonnefonds,1451,1,914,0.8249452710151672,0.2530120611190796
M_1242,Municipality,Mérignat,2,1,94,0.8191489577293396,0.1599999964237213
P_73064_2,Precinct,Challes-les-Eaux,2699,0,1181,0.8543606996536255,0.22097758948802948
P_42207_24,Precinct,Saint-Chamond,1442,1,1061,0.7021677494049072,0.3686382472515106
M_69236,Municipality,Saint-Romain-en-Gier,2540,1,371,0.8706199526786804,0.2562499940395355
P_42095_2,Precinct,Firminy,1421,1,832,0.8040865659713745,0.2698170840740204
M_26141,Municipality,Gigors-et-Lozeron,736,1,154,0.9155844449996948,0.25362318754196167
M_7113,Municipality,Labastide-de-Virac,174,1,174,0.8965517282485962,0.30666667222976685
P_42189_6,Precinct,Roche-la-Molière,1440,1,1073,0.8070829510688782,0.281507670879364
P_38474_4,Precinct,Sassenage,1313,1,926,0.8552916049957275,0.3457106351852417
M_7214,Municipality,Saint-Apollinaire-de-Rias,156,1,147,0.8299319744110107,0.3583333194255829
M_74151,Municipality,Lornay,2740,0,363,0.8457300066947937,0.21594683825969696
M_1064,Municipality,Briord,2,1,627,0.8484848737716675,0.2538759708404541
M_69272,Municipality,Communay,2571,1,3125,0.8691200017929077,0.26408714056015015
P_38507_2,Precinct,Tignieu-Jameyzieu,1258,1,1260,0.8063492178916931,0.31763526797294617
M_73012,Municipality,Albiez-le-Jeune,2717,1,136,0.7573529481887817,0.2549019753932953
M_73013,Municipality,Albiez-Montrond,2717,1,477,0.8008385896682739,0.24202127754688263
M_1252,Municipality,Mogneneins,36,1,558,0.8548387289047241,0.21321961283683777
P_69034_4,Precinct,Caluire-et-Cuire,2530,1,780,0.8141025900840759,0.32428115606307983
P_26362_5,Precinct,Valence,765,0,1166,0.724699854850769,0.3479853570461273
M_38310,Municipality,Poliénas,1316,0,839,0.8235995173454285,0.22455090284347534
P_69275_15,Precinct,Décines-Charpieu,2536,0,1013,0.626850962638855,0.4342948794364929
P_69286_15,Precinct,Rillieux-la-Pape,2565,1,1055,0.7554502487182617,0.3586118221282959
M_1435,Municipality,Versonnex,18,1,1103,0.7905711531639099,0.22690057754516602
P_69089_6,Precinct,Francheville,2539,1,900,0.8399999737739563,0.31769436597824097
M_74250,Municipality,Saint-Pierre-en-Faucigny,2734,1,3835,0.8406779766082764,0.19968204200267792
P_26064_2,Precinct,Chabeuil,734,1,968,0.8584710955619812,0.23623010516166687
P_69034_12,Precinct,Caluire-et-Cuire,2530,0,777,0.7876448035240173,0.317195326089859
M_74171,Municipality,Massongy,2746,0,1034,0.8094777464866638,0.21212121844291687
P_38474_5,Precinct,Sassenage,1313,1,988,0.7823886871337891,0.32287582755088806
P_69384_410,Precinct,"Lyon, 4e arrondissement",2549,1,1039,0.8479307293891907,0.4000000059604645
M_1407,Municipality,Seyssel,2,1,552,0.8170289993286133,0.2678571343421936
P_74042_4,Precinct,Bonneville,2723,1,1051,0.6955280900001526,0.34301522374153137
P_69275_7,Precinct,Décines-Charpieu,2536,1,941,0.7513283491134644,0.34870317578315735
P_69385_526,Precinct,"Lyon, 5e arrondissement",2550,0,1023,0.8172042965888977,0.3555825352668762
P_26165_5,Precinct,Livron-sur-Drôme,748,1,935,0.800000011920929,0.2421768754720688
P_7319_6,Precinct,Teil (Le),172,0,775,0.774193525314331,0.3468013405799866
P_69275_8,Precinct,Décines-Charpieu,2536,1,783,0.7662835121154785,0.29522183537483215
M_74265,Municipality,Serraval,2752,1,458,0.8864628672599792,0.17302799224853516
M_38539,Municipality,Vertrieu,1293,1,432,0.8842592835426331,0.21750663220882416
M_69231,Municipality,Saint-Pierre-la-Palud,2543,1,1813,0.8389409780502319,0.26581427454948425
P_69202_13,Precinct,Sainte-Foy-lès-Lyon,2573,1,801,0.8676654100418091,0.2612481713294983
P_69089_7,Precinct,Francheville,2539,0,949,0.8377239108085632,0.3077905476093292
P_69389_909,Precinct,"Lyon, 9e arrondissement",2555,0,803,0.6874221563339233,0.33149170875549316
M_1093,Municipality,Châtillon-sur-Chalaronne,14,1,3341,0.8129302859306335,0.20269763469696045
P_74042_3,Precinct,Bonneville,2723,0,1278,0.758998453617096,0.251319944858551
M_7340,Municipality,Veyras,168,1,1339,0.8700522780418396,0.32955536246299744
M_7328,Municipality,Vagnas,174,1,391,0.8542199730873108,0.27659574151039124
P_26064_4,Precinct,Chabeuil,734,1,1010,0.8485148549079895,0.22700119018554688
M_74256,Municipality,Sallanches,2745,0,11156,0.7959842085838318,0.19549736380577087
M_73049,Municipality,Bonvillaret,2694,1,134,0.7686567306518555,0.27184465527534485
P_42237_2,Precinct,Saint-Jean-Bonnefonds,1451,1,945,0.8835979104042053,0.24847747385501862
M_74226,Municipality,Saint-André-de-Boëge,2725,1,503,0.8528826832771301,0.19294117391109467
P_42207_8,Precinct,Saint-Chamond,1442,1,844,0.6812795996665955,0.3474426865577698
M_42175,Municipality,Pouilly-lès-Feurs,1420,1,873,0.8591065406799316,0.19021739065647125
M_7115,Municipality,Labeaume,169,1,575,0.8330434560775757,0.2929936349391937
P_42189_7,Precinct,Roche-la-Molière,1440,1,1035,0.7942029237747192,0.29440993070602417
M_38530,Municipality,Vaulx-Milieu,1321,1,1699,0.8134196400642395,0.21863536536693573
P_7319_1,Precinct,Teil (Le),172,1,971,0.7415035963058472,0.3125883936882019
M_74123,Municipality,Faverges,2731,1,4624,0.8310986161231995,0.21814312040805817
M_38054,Municipality,Bouvesse-Quirieu,1293,1,972,0.8158436417579651,0.2451612949371338
M_69177,Municipality,Sourcieux-les-Mines,2543,1,1524,0.8536745309829712,0.2373540848493576
P_69386_612,Precinct,"Lyon, 6e arrondissement",2551,1,1126,0.7761989235877991,0.35948479175567627
P_69389_921,Precinct,"Lyon, 9e arrondissement",2555,1,1112,0.6223021745681763,0.49926578998565674
M_74037,Municipality,Boëge,2725,1,1206,0.8424543738365173,0.19191919267177582
M_38338,Municipality,La Rivière,1316,1,494,0.876518189907074,0.2697674334049225
M_7183,Municipality,Pradons,169,1,336,0.8601190447807312,0.22302158176898956
M_26108,Municipality,Crest,736,0,5974,0.8135252594947815,0.2689655125141144
P_42237_5,Precinct,Saint-Jean-Bonnefonds,1451,0,889,0.8436445593833923,0.25271740555763245
M_74213,Municipality,Poisy,2737,1,4630,0.8822894096374512,0.21950611472129822
M_7152,Municipality,Mauves,173,1,949,0.8630136847496033,0.22772277891635895
M_74303,Municipality,Villaz,2738,1,2123,0.8940178751945496,0.20610278844833374
P_38169_12,Precinct,Fontaine,1267,1,745,0.7892617583274841,0.39137929677963257
M_73118,Municipality,Francin,2711,1,627,0.8867623805999756,0.29798904061317444
M_7255,Municipality,Saint-Julien-en-Saint-Alban,168,0,982,0.8258655667304993,0.2644110321998596
M_26183,Municipality,Mirabel-et-Blacons,736,1,746,0.8646112680435181,0.2578616440296173
P_1283_5,Precinct,Oyonnax,30,1,1041,0.7521613836288452,0.31168830394744873
P_69387_708,Precinct,"Lyon, 7e arrondissement",2552,1,729,0.8175582885742188,0.33390119671821594
M_7011,Municipality,Antraigues-sur-Volane,156,1,463,0.8574513792991638,0.27877238392829895
P_42237_3,Precinct,Saint-Jean-Bonnefonds,1451,1,878,0.8268792629241943,0.30084747076034546
M_7186,Municipality,Privas,168,1,6173,0.7604082226753235,0.30857762694358826
P_69385_516,Precinct,"Lyon, 5e arrondissement",2550,1,1100,0.8209090828895569,0.32737430930137634
M_26380,Municipality,Gervans,763,1,385,0.8883116841316223,0.25671643018722534
P_26165_3,Precinct,Livron-sur-Drôme,748,1,900,0.79666668176651,0.2536022961139679
P_1053_6,Precinct,Bourg-en-Bresse,9,1,1068,0.6853932738304138,0.4016853868961334
P_26362_21,Precinct,Valence,765,1,1455,0.7085910439491272,0.529179036617279
P_69385_529,Precinct,"Lyon, 5e arrondissement",2550,1,1004,0.791832685470581,0.3142493665218353
M_7063,Municipality,Cheminas,173,0,237,0.8818565607070923,0.2524752616882324
P_42189_3,Precinct,Roche-la-Molière,1440,1,1008,0.7996031641960144,0.2997449040412903
M_69032,Municipality,Bully,2543,1,1475,0.852203369140625,0.20436187088489532
P_26165_6,Precinct,Livron-sur-Drôme,748,1,883,0.7904869914054871,0.24745269119739532
P_42189_4,Precinct,Roche-la-Molière,1440,1,1195,0.8594142198562622,0.2662082612514496
M_1187,Municipality,Hotonnes,2,0,277,0.8158844709396362,0.20642201602458954
M_74280,Municipality,Thônes,2752,0,4259,0.85466068983078,0.1555865854024887
P_42095_6,Precinct,Firminy,1421,1,721,0.7919555902481079,0.30604982376098633
M_7251,Municipality,Saint-Joseph-des-Bancs,155,1,150,0.7933333516120911,0.24786324799060822
P_69029_19,Precinct,Bron,2529,0,507,0.6942800879478455,0.4785100221633911
P_73137_2,Precinct,Jacob-Bellecombette,2701,1,1055,0.7952606678009033,0.33047735691070557
P_69385_530,Precinct,"Lyon, 5e arrondissement",2550,1,844,0.8139810562133789,0.30882352590560913
P_74281_6,Precinct,Thonon-les-Bains,2750,1,811,0.7299630045890808,0.3087478578090668
P_26281_4,Precinct,Romans-sur-Isère,755,1,1485,0.804713785648346,0.270247220993042
P_42095_10,Precinct,Firminy,1421,0,718,0.8036211729049683,0.3143872022628784
M_69294,Municipality,Sérézin-du-Rhône,2571,1,1861,0.818914532661438,0.2706117033958435
M_26353,Municipality,Les Tourrettes,750,1,648,0.8503086566925049,0.2555147111415863
M_74094,Municipality,Cranves-Sales,2728,1,4140,0.8282608985900879,0.17900684475898743
M_1084,Municipality,Chanoz-Châtenay,14,1,488,0.8790983557701111,0.23444975912570953
M_26085,Municipality,Châteauneuf-du-Rhône,735,1,1894,0.8637803792953491,0.2218068540096283
M_42093,Municipality,Farnay,1425,1,968,0.9111570119857788,0.2439306378364563
M_69088,Municipality,Fontaines-sur-Saône,2538,0,4297,0.8303467631340027,0.24352774024009705
P_73181_1,Precinct,Moûtiers,2712,1,931,0.7561761736869812,0.24415205419063568
M_3081,Municipality,Colombier,85,1,263,0.8593155741691589,0.33944955468177795
M_3110,Municipality,Espinasse-Vozelle,104,0,672,0.8809523582458496,0.28896671533584595
M_3082,Municipality,Commentry,85,1,4869,0.807558000087738,0.37617310881614685
P_63113_41,Precinct,Clermont-Ferrand,2297,1,1045,0.7617225050926208,0.41613316535949707
M_43130,Municipality,Mazet-Saint-Voy,1464,0,1027,0.7828627228736877,0.44102564454078674
M_3151,Municipality,Louroux-de-Beaune,85,1,155,0.7870967984199524,0.2288135588169098
M_43199,Municipality,Saint-Jeures,1475,1,804,0.8320895433425903,0.2689969539642334
P_15014_14,Precinct,Aurillac,406,1,1223,0.7710548043251038,0.47603484988212585
P_63164_3,Precinct,Gerzat,2305,1,985,0.8020304441452026,0.3620915114879608
P_63113_46,Precinct,Clermont-Ferrand,2298,1,743,0.755047082901001,0.44343066215515137
M_15019,Municipality,Bassignac,409,0,210,0.8952381014823914,0.4175824224948883
M_15173,Municipality,Saint-Bonnet-de-Condat,407,1,158,0.7658227682113647,0.25833332538604736
M_43120,Municipality,Lempdes-sur-Allagnon,1466,0,988,0.8360323905944824,0.3254658281803131
P_3190_19,Precinct,Moulins,96,1,718,0.7256267666816711,0.4071146249771118
P_3185_18,Precinct,Montluçon,94,1,655,0.6992366313934326,0.4308035671710968
P_3185_11,Precinct,Montluçon,95,1,704,0.7372159361839294,0.32347139716148376
M_15037,Municipality,Champagnac,407,1,957,0.7962382435798645,0.47066667675971985
M_3097,Municipality,Deneuille-les-Mines,89,1,250,0.8880000114440918,0.32710281014442444
M_15001,Municipality,Allanche,409,1,816,0.7708333134651184,0.29903537034988403
P_3185_19,Precinct,Montluçon,95,1,750,0.737333357334137,0.39338234066963196
M_15038,Municipality,Champs-sur-Tarentaine-Marchal,409,1,943,0.8016967177391052,0.39008042216300964
M_3254,Municipality,Saint-Pourçain-sur-Sioule,99,1,3794,0.8046916127204895,0.2865771949291229
M_15122,Municipality,Maurs,412,1,1694,0.854191243648529,0.34932956099510193
P_63113_40,Precinct,Clermont-Ferrand,2297,0,877,0.7377423048019409,0.4614173173904419
M_15107,Municipality,Lorcières,408,1,192,0.7760416865348816,0.27210885286331177
M_43093,Municipality,Félines,1465,1,284,0.7852112650871277,0.24200913310050964
P_3185_13,Precinct,Montluçon,95,0,1202,0.739600658416748,0.387170672416687
P_63032_3,Precinct,Beaumont,2290,0,1048,0.7452290058135986,0.374015748500824
P_63113_59,Precinct,Clermont-Ferrand,2297,1,1228,0.8526058793067932,0.2978723347187042
P_15014_12,Precinct,Aurillac,406,1,1472,0.804347813129425,0.3714531362056732
M_3159,Municipality,Malicorne,85,1,580,0.8379310369491577,0.3900415003299713
M_43263,Municipality,Vielprat,1465,1,80,0.800000011920929,0.14516128599643707
M_15181,Municipality,Saint-Constant,412,1,516,0.854651153087616,0.3248259723186493
M_15076,Municipality,Glénat,408,1,196,0.795918345451355,0.31612902879714966
M_3109,Municipality,Escurolles,104,1,542,0.8671586513519287,0.28446388244628906
P_3185_20,Precinct,Montluçon,94,0,581,0.5611015558242798,0.43518519401550293
M_3189,Municipality,Montvicq,89,1,579,0.8393782377243042,0.284518837928772
M_43031,Municipality,Blassac,1465,0,125,0.8799999952316284,0.3113207519054413
P_43157_301,Precinct,Le Puy-en-Velay,1468,1,835,0.7497006058692932,0.41138210892677307
M_3052,Municipality,Chamblet,89,1,748,0.8689839839935303,0.31496062874794006
M_63022,Municipality,Auzat-la-Combelle,2292,1,1787,0.7940682768821716,0.37410587072372437
M_3288,Municipality,Treignat,91,1,409,0.7359412908554077,0.2945205569267273
P_63032_8,Precinct,Beaumont,2290,1,1010,0.7990099191665649,0.3375474214553833
M_43007,Municipality,Araules,1475,1,591,0.8443316221237183,0.25
M_43016,Municipality,Auzon,1466,1,686,0.8352769613265991,0.3221238851547241
M_63031,Municipality,Beaulieu,2292,1,344,0.8139534592628479,0.38545453548431396
P_63164_2,Precinct,Gerzat,2305,1,1036,0.7876448035240173,0.37892094254493713
M_15230,Municipality,Sourniac,411,1,182,0.8626373410224915,0.3486842215061188
P_3185_21,Precinct,Montluçon,94,1,627,0.5582137107849121,0.3994169235229492
P_3185_10,Precinct,Montluçon,94,1,1458,0.6844993233680725,0.3237113356590271
P_63113_30,Precinct,Clermont-Ferrand,2297,1,1016,0.7726377844810486,0.3775773048400879
M_43080,Municipality,Craponne-sur-Arzon,1462,1,1682,0.801426887512207,0.2194381207227707
P_63032_5,Precinct,Beaumont,2290,1,1148,0.845818817615509,0.3234984278678894
M_43049,Municipality,Chamalières-sur-Loire,1471,1,408,0.8553921580314636,0.3074626922607422
P_43157_102,Precinct,Le Puy-en-Velay,1468,0,903,0.7774086594581604,0.27826085686683655
M_43178,Municipality,Saint-Didier-sur-Doulon,1466,1,222,0.8108108043670654,0.19767442345619202
M_43153,Municipality,Pont-Salomon,1465,1,1374,0.8435225486755371,0.2785588800907135
P_43157_103,Precinct,Le Puy-en-Velay,1468,1,512,0.708984375,0.24079319834709167
M_43258,Municipality,Vergongheon,1464,1,1435,0.8076655268669128,0.4058614671230316
M_43201,Municipality,Saint-Julien-d'Ance,1462,1,250,0.8240000009536743,0.1442786008119583
M_3227,Municipality,Saint-Didier-la-Forêt,104,1,279,0.8960573673248291,0.2049180269241333
M_15079,Municipality,Jaleyrac,411,0,363,0.8650137782096863,0.36274510622024536
M_15046,Municipality,Chaussenac,409,1,211,0.8767772316932678,0.3956044018268585
P_63113_29,Precinct,Clermont-Ferrand,2299,1,1196,0.8210702538490295,0.36251288652420044
M_15194,Municipality,Saint-Julien-de-Toursac,412,1,128,0.84375,0.17924527823925018
M_15269,Municipality,Besse,407,1,126,0.8015872836112976,0.3979591727256775
M_15167,Municipality,Rouziers,412,1,103,0.8640776872634888,0.23863635957241058
M_3049,Municipality,Cesset,99,1,313,0.8530351519584656,0.27131783962249756
M_43203,Municipality,Saint-Julien-du-Pinet,1475,0,398,0.9447236061096191,0.27445653080940247
M_63182,Municipality,Jumeaux,2292,1,485,0.8742268085479736,0.4019370377063751
M_3018,Municipality,Bayet,99,1,481,0.8898128867149353,0.21204818785190582
M_3258,Municipality,Saint-Rémy-en-Rollat,104,1,1302,0.8479262590408325,0.2207670658826828
M_43034,Municipality,Boisset,1462,0,265,0.845283031463623,0.171171173453331
P_63164_1,Precinct,Gerzat,2305,1,972,0.7561728358268738,0.3533519506454468
M_3047,Municipality,La Celle,85,0,366,0.8005464673042297,0.24912281334400177
M_43220,Municipality,Saint-Préjet-d'Allier,1466,1,226,0.7876105904579163,0.33522728085517883
P_63113_4,Precinct,Clermont-Ferrand,2298,1,1147,0.8256320953369141,0.3778015077114105
M_43228,Municipality,Saint-Victor-sur-Arlanc,1462,1,121,0.7685950398445129,0.14444445073604584
P_63113_28,Precinct,Clermont-Ferrand,2299,1,1078,0.8376623392105103,0.3471444547176361
M_43230,Municipality,Saint-Vincent,1471,1,872,0.8463302850723267,0.22873082756996155
P_63113_39,Precinct,Clermont-Ferrand,2298,0,992,0.7620967626571655,0.408660352230072
P_63113_63,Precinct,Clermont-Ferrand,2298,1,833,0.831932783126831,0.3544117510318756
M_15036,Municipality,Chalvignac,411,1,480,0.7854166626930237,0.2776280343532562
P_63032_6,Precinct,Beaumont,2290,1,1165,0.8120171427726746,0.3844492435455322
M_43024,Municipality,Beaux,1475,1,629,0.8537361025810242,0.2239382266998291
P_15014_11,Precinct,Aurillac,406,0,1224,0.7696078419685364,0.45593035221099854
M_3027,Municipality,Bézenet,89,0,640,0.8296874761581421,0.3096153736114502
M_63050,Municipality,Brassac-les-Mines,2292,0,2557,0.8071959614753723,0.3774050176143646
P_63113_53,Precinct,Clermont-Ferrand,2299,0,995,0.8190954923629761,0.35148516297340393
M_43106,Municipality,Jax,1464,1,135,0.8444444537162781,0.2232142835855484
M_3246,Municipality,Saint-Martinien,91,1,462,0.8246753215789795,0.25613078474998474
M_15111,Municipality,Madic,408,0,204,0.8235294222831726,0.3558282256126404
P_15014_3,Precinct,Aurillac,406,1,1659,0.8101266026496887,0.42532220482826233
P_63032_7,Precinct,Beaumont,2290,1,1168,0.8458904027938843,0.3319630026817322
P_15014_2,Precinct,Aurillac,406,1,1160,0.7689655423164368,0.33830276131629944
M_15120,Municipality,Mauriac,411,1,2837,0.8124779462814331,0.3177404999732971
P_3190_16,Precinct,Moulins,96,1,657,0.6727549433708191,0.4149184226989746
M_15129,Municipality,Montboudif,408,1,215,0.7860465049743652,0.32926830649375916
P_63164_6,Precinct,Gerzat,2305,0,963,0.8431983590126038,0.4121365249156952
P_3190_7,Precinct,Moulins,96,0,690,0.6536231637001038,0.41705068945884705
M_43114,Municipality,Lapte,1475,1,1320,0.8446969985961914,0.21382488310337067
M_43169,Municipality,Saint-Austremoine,1464,1,58,0.7586206793785095,0.13636364042758942
P_63113_9,Precinct,Clermont-Ferrand,2299,1,1223,0.8266557455062866,0.36391130089759827
M_43119,Municipality,Lavoûte-sur-Loire,1471,1,606,0.8597359657287598,0.28230616450309753
M_3055,Municipality,La Chapelaude,91,1,785,0.8394904732704163,0.2981366515159607
M_43196,Municipality,Saint-Jean-d'Aubrigoux,1462,1,186,0.7311828136444092,0.21481481194496155
P_63164_7,Precinct,Gerzat,2305,1,996,0.849397599697113,0.3851761817932129
P_3185_12,Precinct,Montluçon,95,1,598,0.692307710647583,0.31840795278549194
M_3136,Municipality,Lamaids,91,0,123,0.7886179089546204,0.30927833914756775
M_43059,Municipality,La Chapelle-Geneste,1466,1,143,0.7762237787246704,0.22857142984867096
M_15066,Municipality,Le Falgoux,407,0,155,0.774193525314331,0.4482758641242981
M_15211,Municipality,Saint-Santin-Cantalès,408,1,262,0.805343508720398,0.3300970792770386
M_63156,Municipality,Esteil,2292,1,72,0.8333333134651184,0.4000000059604645
P_43157_201,Precinct,Le Puy-en-Velay,1468,1,703,0.7240398526191711,0.3386773467063904
P_3185_16,Precinct,Montluçon,94,1,823,0.7023086547851562,0.40070921182632446
M_43021,Municipality,Beaulieu,1471,0,729,0.855967104434967,0.21166667342185974
M_3307,Municipality,Verneuil-en-Bourbonnais,99,0,211,0.9052132964134216,0.38297873735427856
P_63113_27,Precinct,Clermont-Ferrand,2297,1,1207,0.8202154040336609,0.2985685169696808
M_15010,Municipality,Arches,411,1,172,0.8662790656089783,0.3379310369491577
P_43157_401,Precinct,Le Puy-en-Velay,1468,1,1056,0.7433711886405945,0.34464752674102783
M_3204,Municipality,Paray-sous-Briailles,99,1,479,0.855949878692627,0.2525252401828766
P_3190_15,Precinct,Moulins,96,1,788,0.6878172755241394,0.41385766863822937
P_3190_1,Precinct,Moulins,96,1,559,0.6565295457839966,0.24791085720062256
M_43073,Municipality,Cistrières,1465,1,157,0.7643312215805054,0.11403508484363556
M_15218,Municipality,Saint-Vincent-de-Salers,407,1,91,0.7142857313156128,0.3076923191547394
M_3043,Municipality,Broût-Vernet,104,1,879,0.8452787399291992,0.26944443583488464
M_15071,Municipality,Fournoulès,412,0,66,0.8636363744735718,0.2631579041481018
P_63113_60,Precinct,Clermont-Ferrand,2299,1,1236,0.7896440029144287,0.35699373483657837
M_3104,Municipality,Doyet,89,1,924,0.8452380895614624,0.26081258058547974
M_43100,Municipality,Frugières-le-Pin,1464,1,139,0.8561151027679443,0.2881355881690979
M_15265,Municipality,Ydes,409,1,1449,0.8564527034759521,0.4187396466732025
M_3128,Municipality,Huriel,91,1,2043,0.8634361028671265,0.3612716794013977
M_43267,Municipality,Vorey,1471,1,1163,0.8409286141395569,0.22245539724826813
P_63113_65,Precinct,Clermont-Ferrand,2298,1,1251,0.8553157448768616,0.3661305606365204
P_3185_26,Precinct,Montluçon,95,1,1186,0.7234401106834412,0.34886500239372253
M_11157,Municipality,Fraissé-des-Corbières,252,1,184,0.885869562625885,0.3499999940395355
P_66136_61,Precinct,Perpignan,2415,1,928,0.7543103694915771,0.27971014380455017
M_11059,Municipality,Cailhavel,251,1,91,0.8461538553237915,0.4084506928920746
M_11127,Municipality,Escouloubre,249,1,110,0.7545454502105713,0.40243902802467346
M_11270,Municipality,Padern,248,1,138,0.695652186870575,0.42105263471603394
M_11329,Municipality,Rouvenac,248,0,172,0.7965116500854492,0.24444444477558136
M_11104,Municipality,Counozouls,247,1,58,0.8620689511299133,0.3400000035762787
M_11204,Municipality,Lignairolles,246,0,38,0.8421052694320679,0.35483869910240173
M_11227,Municipality,Mayronnes,250,1,29,0.8620689511299133,0.2916666567325592
M_11373,Municipality,Salvezines,244,1,75,0.8399999737739563,0.4193548262119293
M_11143,Municipality,Feuilla,242,1,82,0.7439024448394775,0.2786885201931
M_48194,Municipality,Vialas,1637,1,400,0.8349999785423279,0.31515151262283325
M_11291,Municipality,Plavilla,250,1,90,0.8999999761581421,0.40789473056793213
M_11219,Municipality,Marsa,251,1,43,0.8372092843055725,0.3333333432674408
P_66136_43,Precinct,Perpignan,2415,1,798,0.664160430431366,0.33397313952445984
M_34320,Municipality,Vailhauquès,1117,1,1833,0.8941625952720642,0.2604101896286011
P_34172_10,Precinct,Montpellier,1111,1,1326,0.7654600143432617,0.3976024091243744
P_30189_84,Precinct,Nîmes,906,1,905,0.6574585437774658,0.6547008752822876
M_11082,Municipality,Caunette-sur-Lauquet,242,1,12,0.6666666865348816,0.75
M_11180,Municipality,Labastide-Esparbairenque,244,1,80,0.875,0.5147058963775635
P_34172_3,Precinct,Montpellier,1110,1,996,0.7640562057495117,0.35866665840148926
M_34193,Municipality,Pardailhan,1096,1,145,0.8620689511299133,0.3414634168148041
M_48148,Municipality,Saint-Etienne-Vallée-Française,1636,0,435,0.8873563408851624,0.2150537669658661
M_11321,Municipality,Roquefort-de-Sault,247,0,137,0.8029196858406067,0.3181818127632141
P_48095_1,Precinct,Mende,1639,1,1211,0.8315441608428955,0.2880324423313141
P_34172_90,Precinct,Montpellier,1109,0,905,0.6773480772972107,0.6000000238418579
M_48170,Municipality,Saint-Martin-de-Boubaux,1636,1,176,0.8238636255264282,0.158620685338974
M_11374,Municipality,Salza,251,0,31,0.8064516186714172,0.3636363744735718
M_48019,Municipality,Barre-des-Cévennes,1637,0,227,0.8722466826438904,0.3125
P_30189_82,Precinct,Nîmes,906,1,1225,0.6236734986305237,0.5495376586914062
M_11065,Municipality,Camps-sur-l'Agly,246,1,65,0.7538461685180664,0.16326530277729034
P_30189_54,Precinct,Nîmes,907,1,1275,0.7749019861221313,0.34400826692581177
P_30189_81,Precinct,Nîmes,906,1,998,0.6112224459648132,0.44873949885368347
M_34272,Municipality,Saint-Just,1103,1,2176,0.8345588445663452,0.21892496943473816
M_34269,Municipality,Saint-Jean-de-Minervois,1098,1,109,0.8073394298553467,0.25581395626068115
P_30189_55,Precinct,Nîmes,907,1,1179,0.783715009689331,0.2614879608154297
P_34172_43,Precinct,Montpellier,1111,1,1337,0.7591623067855835,0.40621864795684814
P_30007_16,Precinct,Alès,888,1,1217,0.772391140460968,0.3041125535964966
M_48122,Municipality,Quézac,1636,1,290,0.8379310369491577,0.22689075767993927
M_11414,Municipality,Villar-en-Val,248,1,29,0.6896551847457886,0.4736842215061188
M_48155,Municipality,Saint-Germain-de-Calberte,1635,1,363,0.8429751992225647,0.2909699082374573
M_34055,Municipality,Castanet-le-Haut,1097,1,157,0.8471337556838989,0.32575756311416626
P_30007_25,Precinct,Alès,888,1,521,0.6257197856903076,0.46875
P_34172_66,Precinct,Montpellier,1111,1,1295,0.7258687019348145,0.4457700550556183
M_34250,Municipality,Saint-Etienne-d'Albagnan,1096,0,233,0.8154506683349609,0.22282609343528748
P_34157_4,Precinct,Mèze,1113,1,1310,0.8625954389572144,0.21801802515983582
M_11282,Municipality,Peyrefitte-du-Razès,252,1,52,0.7307692170143127,0.4054054021835327
P_34143_1,Precinct,Loupian,1113,1,878,0.821184515953064,0.25495749711990356
M_11298,Municipality,Pradelles-en-Val,251,1,144,0.9027777910232544,0.3333333432674408
M_11118,Municipality,Dernacueillette,243,1,47,0.6808510422706604,0.21875
P_34172_6,Precinct,Montpellier,1109,1,1193,0.7292540073394775,0.3534183204174042
M_34295,Municipality,Saussan,1117,1,1130,0.8761062026023865,0.29308566451072693
P_34172_92,Precinct,Montpellier,1112,1,885,0.6802259683609009,0.4343434274196625
M_11440,Municipality,Villetritouls,245,1,41,0.8780487775802612,0.37142857909202576
P_34172_88,Precinct,Montpellier,1110,1,634,0.6687697172164917,0.42168673872947693
P_48095_6,Precinct,Mende,1639,1,1173,0.7979539632797241,0.33883386850357056
P_34088_4,Precinct,Cournonterral,1089,0,1037,0.8495660424232483,0.23481307923793793
M_11100,Municipality,Corbières,247,1,35,0.7142857313156128,0.4583333432674408
P_30189_83,Precinct,Nîmes,907,1,698,0.6719197630882263,0.44924405217170715
P_66136_57,Precinct,Perpignan,2416,1,1146,0.7443280816078186,0.2970059812068939
M_11187,Municipality,Lanet,242,1,53,0.7358490824699402,0.41025641560554504
P_34087_1,Precinct,Cournonsec,1089,1,884,0.8823529481887817,0.3162729740142822
P_48095_2,Precinct,Mende,1639,1,1468,0.8542234301567078,0.3050161898136139
M_34288,Municipality,Saint-Sériès,1103,1,595,0.8722689151763916,0.29745596647262573
P_34172_91,Precinct,Montpellier,1110,0,1047,0.6981852650642395,0.5056657195091248
M_34107,Municipality,Fraisse-sur-Agout,1096,1,299,0.8260869383811951,0.2521008551120758
M_11179,Municipality,Labastide-en-Val,247,1,77,0.8441558480262756,0.39344263076782227
M_34083,Municipality,Combes,1098,1,172,0.8023256063461304,0.3478260934352875
P_66136_40,Precinct,Perpignan,2414,1,780,0.778205156326294,0.24833333492279053
M_34326,Municipality,Vélieux,1098,0,62,0.8709677457809448,0.4150943458080292
P_34172_41,Precinct,Montpellier,1112,1,985,0.7522842884063721,0.34646740555763245
P_30007_15,Precinct,Alès,888,0,1089,0.71074378490448,0.6263020634651184
M_34283,Municipality,Saint-Pierre-de-la-Fage,1098,1,99,0.808080792427063,0.13750000298023224
P_30007_28,Precinct,Alès,888,1,698,0.7593123316764832,0.3812260627746582
M_34080,Municipality,Colombières-sur-Orb,1097,1,387,0.8682170510292053,0.3123123049736023
M_34331,Municipality,Verreries-de-Moussans,1097,1,109,0.8073394298553467,0.3448275923728943
M_48162,Municipality,Saint-Julien-d'Arpaon,1635,1,121,0.7603305578231812,0.38461539149284363
M_11381,Municipality,Sougraigne,242,0,63,0.8095238208770752,0.1568627506494522
M_11021,Municipality,Axat,246,1,474,0.7700421810150146,0.43661972880363464
P_66136_9,Precinct,Perpignan,2414,0,721,0.6976421475410461,0.3136456310749054
P_66136_28,Precinct,Perpignan,2415,1,915,0.757377028465271,0.28148147463798523
M_11240,Municipality,Montazels,249,1,440,0.7909091114997864,0.2827988266944885
P_48095_5,Precinct,Mende,1639,1,1335,0.7917603254318237,0.37837839126586914
M_11317,Municipality,Rodome,252,0,130,0.807692289352417,0.4038461446762085
M_34312,Municipality,La Tour-sur-Orb,1097,0,997,0.858575701713562,0.2872467339038849
M_48084,Municipality,Laval-Atger,1636,1,83,0.8192771077156067,0.27941176295280457
M_11375,Municipality,Seignalens,246,1,23,0.95652174949646,0.2380952388048172
M_48131,Municipality,Le Rozier,1637,1,132,0.8787878751754761,0.23275862634181976
M_11231,Municipality,Mézerville,248,1,62,0.9193548560142517,0.4363636374473572
P_30189_25,Precinct,Nîmes,907,1,1111,0.6543654203414917,0.4601398706436157
P_30189_50,Precinct,Nîmes,906,0,911,0.6915477514266968,0.4991896152496338
P_34172_87,Precinct,Montpellier,1109,1,1097,0.6836827993392944,0.5283783674240112
P_34172_13,Precinct,Montpellier,1112,1,1258,0.791732907295227,0.3636363744735718
M_34162,Municipality,Montagnac,1098,1,2871,0.7986764311790466,0.2379264533519745
M_48178,Municipality,Saint-Privat-de-Vallongue,1637,1,240,0.8416666388511658,0.3232323229312897
P_66136_56,Precinct,Perpignan,2416,1,1209,0.773366391658783,0.2239130437374115
M_11159,Municipality,Gaja-la-Selve,247,1,124,0.8629032373428345,0.2641509473323822
P_48095_4,Precinct,Mende,1639,0,1365,0.8659340739250183,0.3347676396369934
M_11389,Municipality,Terroles,249,0,30,0.8333333134651184,0.5
M_11093,Municipality,Le Clat,250,1,31,0.8709677457809448,0.8888888955116272
P_34172_81,Precinct,Montpellier,1110,1,1037,0.7049180269241333,0.47493037581443787
M_11038,Municipality,Bessède-de-Sault,244,1,59,0.6271186470985413,0.5277777910232544
P_34172_72,Precinct,Montpellier,1112,1,1302,0.741167426109314,0.35115304589271545
P_66136_27,Precinct,Perpignan,2416,1,901,0.7735849022865295,0.2503660321235657
P_66136_5,Precinct,Perpignan,2415,1,1186,0.6787521243095398,0.3529411852359772
P_66136_7,Precinct,Perpignan,2414,1,1132,0.7111307382583618,0.35687264800071716
P_34088_1,Precinct,Cournonterral,1089,1,1152,0.8342013955116272,0.26680895686149597
M_11336,Municipality,Sainte-Colombe-sur-l'Hers,252,1,338,0.8668639063835144,0.31448763608932495
M_11047,Municipality,Le Bousquet,244,0,59,0.7288135886192322,0.27906978130340576
M_11062,Municipality,Campagna-de-Sault,245,1,51,0.7450980544090271,0.4054054021835327
M_11112,Municipality,Cubières-sur-Cinoble,249,1,59,0.8474576473236084,0.16326530277729034
M_11094,Municipality,Clermont-sur-Lauquet,243,0,25,0.7599999904632568,0.10526315867900848
P_34143_2,Precinct,Loupian,1113,1,806,0.8387096524238586,0.2605421543121338
P_34172_64,Precinct,Montpellier,1109,1,904,0.6858407258987427,0.564784049987793
P_34172_2,Precinct,Montpellier,1109,1,1001,0.7282717227935791,0.3232044279575348
P_34157_3,Precinct,Mèze,1113,0,1263,0.7688044309616089,0.2682672142982483
M_34202,Municipality,Pignan,1117,1,5100,0.8525490164756775,0.2624180018901825
M_48015,Municipality,Pied-de-Borne,1637,1,191,0.8848167657852173,0.2215568870306015
M_11250,Municipality,Montjoi,245,0,38,0.6842105388641357,0.5
P_66136_65,Precinct,Perpignan,2414,1,738,0.7764227390289307,0.27659574151039124
M_34163,Municipality,Montarnaud,1117,0,2246,0.8165627717971802,0.2374860942363739
P_66136_46,Precinct,Perpignan,2416,1,1178,0.7809846997261047,0.21657457947731018
M_11057,Municipality,Cahuzac,243,1,20,0.8500000238418579,0.1764705926179886
P_30189_79,Precinct,Nîmes,906,1,985,0.7045685052871704,0.4528023600578308
M_11245,Municipality,Montgaillard,245,1,41,0.7804877758026123,0.32258063554763794
P_34157_1,Precinct,Mèze,1113,1,1246,0.7295345067977905,0.22060470283031464
M_11091,Municipality,Chalabre,249,1,851,0.8343125581741333,0.39249640703201294
M_11083,Municipality,Caunettes-en-Val,243,1,44,0.7045454382896423,0.4000000059604645
M_48036,Municipality,Cassagnas,1635,1,135,0.8296296000480652,0.22727273404598236
P_34088_3,Precinct,Cournonterral,1089,1,1016,0.8622047305107117,0.24327485263347626
M_11010,Municipality,Antugnac,250,0,252,0.7658730149269104,0.33862432837486267
M_34070,Municipality,Cébazan,1097,1,391,0.7979539632797241,0.32459017634391785
M_48112,Municipality,Pierrefiche,1635,1,119,0.8151260614395142,0.3195876181125641
M_11229,Municipality,Mazuby,248,1,57,0.7017543911933899,0.675000011920929
M_11160,Municipality,Galinagues,242,1,26,0.7692307829856873,0.4444444477558136
M_34330,Municipality,Vérargues,1103,0,488,0.8360655903816223,0.2412935346364975
M_34252,Municipality,Saint-Etienne-Estréchoux,1096,1,241,0.771784245967865,0.30434781312942505
M_11061,Municipality,Cambieure,250,1,202,0.8861386179924011,0.43529412150382996
M_11152,Municipality,Fontjoncouse,246,1,118,0.8644067645072937,0.2574257552623749
P_30007_26,Precinct,Alès,888,1,631,0.656101405620575,0.5833333134651184
M_34145,Municipality,Lunel,1103,1,16628,0.799855649471283,0.2636050581932068
M_11326,Municipality,Rouffiac-des-Corbières,243,1,77,0.8181818127632141,0.4262295067310333
M_11265,Municipality,Niort-de-Sault,245,1,71,0.7042253613471985,0.40816327929496765
P_66136_34,Precinct,Perpignan,2415,0,1037,0.7425265312194824,0.39498019218444824
M_48144,Municipality,Sainte-Croix-Vallée-Française,1636,1,278,0.8237410187721252,0.27802690863609314
P_34172_63,Precinct,Montpellier,1111,0,1055,0.7355450391769409,0.4895288050174713
P_30189_49,Precinct,Nîmes,907,0,1036,0.6940154433250427,0.5035260915756226
P_34088_2,Precinct,Cournonterral,1089,1,1172,0.8242321014404297,0.23974762856960297
M_34282,Municipality,Saint-Paul-et-Valmalle,1117,1,785,0.8738853335380554,0.2341678887605667
M_11242,Municipality,Montclar,252,1,142,0.7957746386528015,0.315315306186676
M_11110,Municipality,Coustouge,251,1,90,0.8222222328186035,0.1666666716337204
P_34172_89,Precinct,Montpellier,1112,0,979,0.7088866233825684,0.4550810158252716
M_34246,Municipality,Saint-Christol,1103,1,1114,0.8850987553596497,0.2780638635158539
M_34117,Municipality,Graissessac,1096,1,490,0.8714285492897034,0.35211268067359924
M_48134,Municipality,Saint-Andéol-de-Clerguemort,1635,0,95,0.9052631855010986,0.3372093141078949
M_11184,Municipality,Lafage,244,1,80,0.800000011920929,0.3125
P_13107_2,Precinct,Simiane-Collongue,348,1,1033,0.8431752324104309,0.2632197439670563
P_13050_8,Precinct,Lambesc,311,1,968,0.8316115736961365,0.18686868250370026
P_6004_49,Precinct,Antibes,133,1,690,0.7623188495635986,0.20576922595500946
P_13204_491,Precinct,"Marseille, 4e arrondissement",326,1,1207,0.7497928738594055,0.26487094163894653
P_6030_30,Precinct,Le Cannet,142,1,1226,0.7716150283813477,0.27214515209198
P_6030_10,Precinct,Le Cannet,142,1,934,0.7291220426559448,0.21099554002285004
P_6030_14,Precinct,Le Cannet,142,0,876,0.740867555141449,0.18935836851596832
P_6046_1,Precinct,Colomars,144,1,706,0.8484418988227844,0.2112436145544052
M_6036,Municipality,Castillon,146,1,279,0.8136200904846191,0.1428571492433548
P_6046_2,Precinct,Colomars,144,1,286,0.881118893623352,0.16733068227767944
P_83062_13,Precinct,La Garde,3113,1,384,0.7760416865348816,0.25
P_13202_251,Precinct,"Marseille, 2e arrondissement",324,1,929,0.672766387462616,0.5404530763626099
P_13050_1,Precinct,Lambesc,311,1,1169,0.7707442045211792,0.25255972146987915
P_5023_1,Precinct,Briançon,120,1,1043,0.7785235047340393,0.2271016240119934
P_5023_3,Precinct,Briançon,120,1,1081,0.7641072869300842,0.26049381494522095
P_83137_204,Precinct,Toulon,3133,1,804,0.7014925479888916,0.4010791480541229
P_13201_122,Precinct,"Marseille, 1er arrondissement",323,1,1187,0.7540016770362854,0.41931816935539246
P_83062_21,Precinct,La Garde,3113,0,845,0.7088757157325745,0.4051724076271057
P_13107_3,Precinct,Simiane-Collongue,348,1,1104,0.8596014380455017,0.25026968121528625
P_13209_931,Precinct,"Marseille, 9e arrondissement",331,0,1245,0.7839357256889343,0.2560083568096161
P_13206_601,Precinct,"Marseille, 6e arrondissement",328,1,1110,0.7711711525917053,0.3851590156555176
P_13203_353,Precinct,"Marseille, 3e arrondissement",325,0,768,0.6822916865348816,0.5009596943855286
P_13201_184,Precinct,"Marseille, 1er arrondissement",323,1,1188,0.7735690474510193,0.37020811438560486
P_13203_357,Precinct,"Marseille, 3e arrondissement",325,1,1200,0.6233333349227905,0.6159121990203857
P_13107_4,Precinct,Simiane-Collongue,348,1,1197,0.798663318157196,0.24335813522338867
P_83137_319,Precinct,Toulon,3135,1,968,0.7159090638160706,0.43668121099472046
P_83137_504,Precinct,Toulon,3135,1,731,0.7031463980674744,0.3023715317249298
P_83137_910,Precinct,Toulon,3134,0,987,0.7284700870513916,0.36095505952835083
P_13206_641,Precinct,"Marseille, 6e arrondissement",328,1,782,0.8145779967308044,0.2979397773742676
P_13203_356,Precinct,"Marseille, 3e arrondissement",325,1,1328,0.7146084308624268,0.5263158082962036
P_13204_410,Precinct,"Marseille, 4e arrondissement",326,1,747,0.732262372970581,0.27037036418914795
P_83137_218,Precinct,Toulon,3133,1,966,0.6863353848457336,0.4283488988876343
P_83137_908,Precinct,Toulon,3135,0,795,0.6855345964431763,0.3239700496196747
P_13205_508,Precinct,"Marseille, 5e arrondissement",327,1,1041,0.8174831867218018,0.3214285671710968
P_13204_407,Precinct,"Marseille, 4e arrondissement",326,1,1121,0.7644959688186646,0.2672919034957886
P_13206_652,Precinct,"Marseille, 6e arrondissement",328,1,728,0.7788461446762085,0.30879712104797363
P_83062_12,Precinct,La Garde,3113,1,888,0.7781531810760498,0.2507462799549103
P_5023_6,Precinct,Briançon,120,1,1534,0.7764015793800354,0.28326180577278137
P_13208_833,Precinct,"Marseille, 8e arrondissement",330,1,766,0.8368146419525146,0.135007843375206
P_83137_302,Precinct,Toulon,3135,1,825,0.7187879085540771,0.3041236996650696
P_83137_217,Precinct,Toulon,3134,1,762,0.7047244310379028,0.36832061409950256
P_13204_427,Precinct,"Marseille, 4e arrondissement",326,0,646,0.7879257202148438,0.24308300018310547
P_13209_936,Precinct,"Marseille, 9e arrondissement",331,1,728,0.7843406796455383,0.292553186416626
P_5023_5,Precinct,Briançon,120,0,1571,0.7753023505210876,0.28183361887931824
P_83137_602,Precinct,Toulon,3135,1,1048,0.697519063949585,0.3194444477558136
P_13208_871,Precinct,"Marseille, 8e arrondissement",330,1,988,0.7945343852043152,0.20801033079624176
P_13209_954,Precinct,"Marseille, 9e arrondissement",331,1,893,0.7693169116973877,0.3372606635093689
P_83137_501,Precinct,Toulon,3133,1,82,0.6829268336296082,0.290909081697464
P_13202_252,Precinct,"Marseille, 2e arrondissement",324,0,1341,0.736763596534729,0.4200819730758667
P_83050_14,Precinct,Draguignan,3108,1,919,0.7312296032905579,0.2522658705711365
P_13205_555,Precinct,"Marseille, 5e arrondissement",327,0,939,0.7774227857589722,0.33425796031951904
P_13206_603,Precinct,"Marseille, 6e arrondissement",328,1,1007,0.7855014801025391,0.353689581155777
P_13208_830,Precinct,"Marseille, 8e arrondissement",330,0,634,0.812302827835083,0.22113503515720367
M_6067,Municipality,Gorbio,146,1,957,0.8181818127632141,0.12419146299362183
P_6030_1,Precinct,Le Cannet,142,1,1024,0.775390625,0.18007662892341614
M_6035,Municipality,Castellar,146,1,732,0.8142076730728149,0.1655290126800537
P_13208_851,Precinct,"Marseille, 8e arrondissement",330,1,911,0.8079034090042114,0.31491711735725403
P_83050_3,Precinct,Draguignan,3108,1,936,0.6474359035491943,0.25249168276786804
P_6069_1,Precinct,Grasse,138,1,530,0.6584905385971069,0.28901734948158264
P_13050_4,Precinct,Lambesc,311,0,912,0.8585526347160339,0.20489691197872162
P_13202_238,Precinct,"Marseille, 2e arrondissement",324,1,948,0.7647679448127747,0.42031028866767883
P_13209_923,Precinct,"Marseille, 9e arrondissement",331,1,917,0.7284623980522156,0.349693238735199
P_13050_2,Precinct,Lambesc,311,1,864,0.8333333134651184,0.2244318127632141
P_13204_408,Precinct,"Marseille, 4e arrondissement",326,1,713,0.7657784223556519,0.29588013887405396
P_6004_1,Precinct,Antibes,133,0,516,0.7034883499145508,0.21813030540943146
P_6069_16,Precinct,Grasse,138,1,728,0.7032967209815979,0.30158731341362
M_6083,Municipality,Menton,146,1,20470,0.7949682474136353,0.1819658875465393
P_13203_358,Precinct,"Marseille, 3e arrondissement",325,1,1445,0.6269896030426025,0.6910112500190735
P_6069_30,Precinct,Grasse,138,1,906,0.7185430526733398,0.3113207519054413
P_6004_40,Precinct,Antibes,133,1,998,0.7515029907226562,0.2631579041481018
P_13107_1,Precinct,Simiane-Collongue,348,1,1074,0.8733705878257751,0.22426868975162506
P_83062_16,Precinct,La Garde,3113,1,954,0.802935004234314,0.2972258925437927
P_13202_255,Precinct,"Marseille, 2e arrondissement",324,1,1101,0.7057220935821533,0.45478373765945435
P_83050_12,Precinct,Draguignan,3108,0,946,0.7008456587791443,0.23583461344242096
P_83137_509,Precinct,Toulon,3133,0,909,0.5929592847824097,0.2841121554374695
P_83050_2,Precinct,Draguignan,3108,1,1026,0.668615996837616,0.2328358143568039
P_13206_605,Precinct,"Marseille, 6e arrondissement",328,0,1309,0.7769289612770081,0.31804585456848145
P_13201_101,Precinct,"Marseille, 1er arrondissement",323,0,1043,0.6586769223213196,0.4632352888584137
P_13203_361,Precinct,"Marseille, 3e arrondissement",325,1,555,0.6792792677879333,0.4751381278038025
P_6069_3,Precinct,Grasse,138,0,1107,0.7118337750434875,0.2868117690086365
P_6069_2,Precinct,Grasse,138,1,624,0.6490384340286255,0.29032257199287415
P_5023_2,Precinct,Briançon,120,1,1291,0.7947327494621277,0.25796812772750854
P_13201_127,Precinct,"Marseille, 1er arrondissement",323,1,899,0.7697441577911377,0.37463557720184326
P_83050_13,Precinct,Draguignan,3108,1,866,0.6870669722557068,0.20954003930091858
P_13209_956,Precinct,"Marseille, 9e arrondissement",331,1,1318,0.7579666376113892,0.4478216767311096
P_13050_3,Precinct,Lambesc,311,1,834,0.8489208817481995,0.24783861637115479
P_83137_308,Precinct,Toulon,3134,1,488,0.6741803288459778,0.336448609828949
P_6004_58,Precinct,Antibes,133,1,877,0.7913340926170349,0.2640949487686157
P_6030_23,Precinct,Le Cannet,142,1,965,0.7533679008483887,0.20584145188331604
P_13202_235,Precinct,"Marseille, 2e arrondissement",324,1,1011,0.7171117663383484,0.4072524309158325
P_6004_3,Precinct,Antibes,133,1,635,0.8125984072685242,0.24117647111415863
P_83137_213,Precinct,Toulon,3134,1,796,0.7437185645103455,0.2389078438282013
P_13201_104,Precinct,"Marseille, 1er arrondissement",323,1,798,0.7155388593673706,0.5757042169570923
M_6113,Municipality,Sainte-Agnès,146,0,919,0.861806333065033,0.13333334028720856
P_83137_909,Precinct,Toulon,3134,1,943,0.6850477457046509,0.39523810148239136
P_83137_503,Precinct,Toulon,3133,1,665,0.6496240496635437,0.2927400469779968
P_20247_4,Precinct,Porto-Vecchio,556,1,1153,0.746747612953186,0.19976359605789185
P_20247_2,Precinct,Porto-Vecchio,556,1,1034,0.7127659320831299,0.17103448510169983
P_20247_5,Precinct,Porto-Vecchio,556,1,1000,0.7689999938011169,0.20424403250217438
P_20247_3,Precinct,Porto-Vecchio,556,0,1041,0.7031700015068054,0.3020689785480499
P_20247_7,Precinct,Porto-Vecchio,556,1,1023,0.7585532665252686,0.18503937125205994
